ds,y_XGBoost
2023-10-02 00:00:00,75168.05
2023-10-02 00:15:00,69011.13
2023-10-02 00:30:00,64567.836
2023-10-02 00:45:00,59603.305
2023-10-02 01:00:00,50995.438
2023-10-02 01:15:00,48176.277
2023-10-02 01:30:00,44659.543
2023-10-02 01:45:00,42224.348
2023-10-02 02:00:00,36179.59
2023-10-02 02:15:00,34368.547
2023-10-02 02:30:00,31691.275
2023-10-02 02:45:00,30181.174
2023-10-02 03:00:00,25208.258
2023-10-02 03:15:00,23607.906
2023-10-02 03:30:00,22453.684
2023-10-02 03:45:00,21386.072
2023-10-02 04:00:00,18358.234
2023-10-02 04:15:00,18278.127
2023-10-02 04:30:00,18504.143
2023-10-02 04:45:00,18764.268
2023-10-02 05:00:00,18179.463
2023-10-02 05:15:00,18754.328
2023-10-02 05:30:00,19269.08
2023-10-02 05:45:00,19819.783
2023-10-02 06:00:00,23949.344
2023-10-02 06:15:00,24940.342
2023-10-02 06:30:00,26297.795
2023-10-02 06:45:00,26848.498
2023-10-02 07:00:00,39085.47
2023-10-02 07:15:00,40690.992
2023-10-02 07:30:00,44071.895
2023-10-02 07:45:00,44622.6
2023-10-02 08:00:00,51274.496
2023-10-02 08:15:00,52880.01
2023-10-02 08:30:00,55651.77
2023-10-02 08:45:00,56202.477
2023-10-02 09:00:00,61913.42
2023-10-02 09:15:00,63220.03
2023-10-02 09:30:00,64797.26
2023-10-02 09:45:00,65347.97
2023-10-02 10:00:00,65816.08
2023-10-02 10:15:00,66606.48
2023-10-02 10:30:00,67464.65
2023-10-02 10:45:00,67855.04
2023-10-02 11:00:00,67817.17
2023-10-02 11:15:00,68607.57
2023-10-02 11:30:00,69465.74
2023-10-02 11:45:00,69797.8
2023-10-02 12:00:00,73105.64
2023-10-02 12:15:00,73896.04
2023-10-02 12:30:00,74754.21
2023-10-02 12:45:00,75086.266
2023-10-02 13:00:00,76749.24
2023-10-02 13:15:00,77539.64
2023-10-02 13:30:00,78397.81
2023-10-02 13:45:00,78729.87
2023-10-02 14:00:00,80460.03
2023-10-02 14:15:00,81250.43
2023-10-02 14:30:00,82108.6
2023-10-02 14:45:00,82440.66
2023-10-02 15:00:00,79593.31
2023-10-02 15:15:00,80356.43
2023-10-02 15:30:00,81214.6
2023-10-02 15:45:00,81546.66
2023-10-02 16:00:00,80275.9
2023-10-02 16:15:00,80649.87
2023-10-02 16:30:00,81326.266
2023-10-02 16:45:00,81658.32
2023-10-02 17:00:00,80759.09
2023-10-02 17:15:00,80995.77
2023-10-02 17:30:00,81604.484
2023-10-02 17:45:00,81936.54
2023-10-02 18:00:00,80880.37
2023-10-02 18:15:00,80895.62
2023-10-02 18:30:00,81465.47
2023-10-02 18:45:00,81797.52
2023-10-02 19:00:00,80880.37
2023-10-02 19:15:00,80895.62
2023-10-02 19:30:00,81465.47
2023-10-02 19:45:00,81797.52
2023-10-02 20:00:00,80880.37
2023-10-02 20:15:00,80895.62
2023-10-02 20:30:00,81465.47
2023-10-02 20:45:00,81797.52
2023-10-02 21:00:00,81443.914
2023-10-02 21:15:00,81459.164
2023-10-02 21:30:00,81991.84
2023-10-02 21:45:00,82110.38
2023-10-02 22:00:00,81823.56
2023-10-02 22:15:00,81838.81
2023-10-02 22:30:00,82207.35
2023-10-02 22:45:00,81880.12
2023-10-02 23:00:00,78417.31
2023-10-02 23:15:00,76860.74
2023-10-02 23:30:00,73872.195
2023-10-02 23:45:00,70544.164
2023-10-03 00:00:00,65196.613
2023-10-03 00:15:00,59175.16
2023-10-03 00:30:00,55088.945
2023-10-03 00:45:00,51123.938
2023-10-03 01:00:00,45367.496
2023-10-03 01:15:00,42618.152
2023-10-03 01:30:00,39343.367
2023-10-03 01:45:00,36985.99
2023-10-03 02:00:00,31509.32
2023-10-03 02:15:00,29698.262
2023-10-03 02:30:00,27274.514
2023-10-03 02:45:00,25764.412
2023-10-03 03:00:00,22400.584
2023-10-03 03:15:00,20800.232
2023-10-03 03:30:00,19899.506
2023-10-03 03:45:00,18831.895
2023-10-03 04:00:00,17896.041
2023-10-03 04:15:00,17815.934
2023-10-03 04:30:00,18140.348
2023-10-03 04:45:00,18400.473
2023-10-03 05:00:00,17719.96
2023-10-03 05:15:00,18294.826
2023-10-03 05:30:00,19014.629
2023-10-03 05:45:00,19565.332
2023-10-03 06:00:00,23940.23
2023-10-03 06:15:00,24931.229
2023-10-03 06:30:00,26493.732
2023-10-03 06:45:00,27044.436
2023-10-03 07:00:00,40963.414
2023-10-03 07:15:00,42568.93
2023-10-03 07:30:00,46154.91
2023-10-03 07:45:00,46705.617
2023-10-03 08:00:00,54851.37
2023-10-03 08:15:00,56456.895
2023-10-03 08:30:00,59433.723
2023-10-03 08:45:00,59984.43
2023-10-03 09:00:00,65647.32
2023-10-03 09:15:00,66954.01
2023-10-03 09:30:00,68736.3
2023-10-03 09:45:00,69287.05
2023-10-03 10:00:00,70011.03
2023-10-03 10:15:00,70801.43
2023-10-03 10:30:00,71864.65
2023-10-03 10:45:00,72255.04
2023-10-03 11:00:00,72012.125
2023-10-03 11:15:00,72802.52
2023-10-03 11:30:00,73865.74
2023-10-03 11:45:00,74197.8
2023-10-03 12:00:00,74699.48
2023-10-03 12:15:00,75489.875
2023-10-03 12:30:00,76553.09
2023-10-03 12:45:00,76885.15
2023-10-03 13:00:00,78343.08
2023-10-03 13:15:00,79133.48
2023-10-03 13:30:00,80196.695
2023-10-03 13:45:00,80528.75
2023-10-03 14:00:00,81993.18
2023-10-03 14:15:00,82783.58
2023-10-03 14:30:00,83846.8
2023-10-03 14:45:00,84178.85
2023-10-03 15:00:00,81126.46
2023-10-03 15:15:00,81889.58
2023-10-03 15:30:00,82952.8
2023-10-03 15:45:00,83284.85
2023-10-03 16:00:00,82210.734
2023-10-03 16:15:00,82584.7
2023-10-03 16:30:00,83466.15
2023-10-03 16:45:00,83798.2
2023-10-03 17:00:00,83007.08
2023-10-03 17:15:00,83243.76
2023-10-03 17:30:00,84057.516
2023-10-03 17:45:00,84389.57
2023-10-03 18:00:00,83128.35
2023-10-03 18:15:00,83143.6
2023-10-03 18:30:00,83918.5
2023-10-03 18:45:00,84250.555
2023-10-03 19:00:00,83212.11
2023-10-03 19:15:00,83227.36
2023-10-03 19:30:00,83918.5
2023-10-03 19:45:00,84250.555
2023-10-03 20:00:00,83212.11
2023-10-03 20:15:00,83227.36
2023-10-03 20:30:00,83918.5
2023-10-03 20:45:00,84250.555
2023-10-03 21:00:00,83775.66
2023-10-03 21:15:00,83790.91
2023-10-03 21:30:00,84444.875
2023-10-03 21:45:00,84563.414
2023-10-03 22:00:00,84155.305
2023-10-03 22:15:00,84170.555
2023-10-03 22:30:00,84660.38
2023-10-03 22:45:00,84333.15
2023-10-03 23:00:00,80274.21
2023-10-03 23:15:00,78717.64
2023-10-03 23:30:00,75717.67
2023-10-03 23:45:00,72389.64
2023-10-04 00:00:00,65547.76
2023-10-04 00:15:00,59526.305
2023-10-04 00:30:00,55527.44
2023-10-04 00:45:00,51562.434
2023-10-04 01:00:00,45630.36
2023-10-04 01:15:00,42881.016
2023-10-04 01:30:00,39693.582
2023-10-04 01:45:00,37336.203
2023-10-04 02:00:00,31844.637
2023-10-04 02:15:00,30033.578
2023-10-04 02:30:00,27677.598
2023-10-04 02:45:00,26167.496
2023-10-04 03:00:00,23367.41
2023-10-04 03:15:00,21724.748
2023-10-04 03:30:00,20824.021
2023-10-04 03:45:00,19756.41
2023-10-04 04:00:00,18900.312
2023-10-04 04:15:00,18777.895
2023-10-04 04:30:00,19102.309
2023-10-04 04:45:00,19362.434
2023-10-04 05:00:00,18724.232
2023-10-04 05:15:00,19256.787
2023-10-04 05:30:00,19976.59
2023-10-04 05:45:00,20527.293
2023-10-04 06:00:00,25184.736
2023-10-04 06:15:00,26133.424
2023-10-04 06:30:00,27695.928
2023-10-04 06:45:00,28246.63
2023-10-04 07:00:00,41995.72
2023-10-04 07:15:00,43558.926
2023-10-04 07:30:00,47144.906
2023-10-04 07:45:00,47695.613
2023-10-04 08:00:00,55997.11
2023-10-04 08:15:00,57560.324
2023-10-04 08:30:00,60537.152
2023-10-04 08:45:00,61087.86
2023-10-04 09:00:00,66793.164
2023-10-04 09:15:00,68057.46
2023-10-04 09:30:00,69839.75
2023-10-04 09:45:00,70390.5
2023-10-04 10:00:00,71712.01
2023-10-04 10:15:00,72460.09
2023-10-04 10:30:00,73523.31
2023-10-04 10:45:00,73913.7
2023-10-04 11:00:00,73714.63
2023-10-04 11:15:00,74462.72
2023-10-04 11:30:00,75525.94
2023-10-04 11:45:00,75857.99
2023-10-04 12:00:00,76635.664
2023-10-04 12:15:00,77383.75
2023-10-04 12:30:00,78446.97
2023-10-04 12:45:00,78779.02
2023-10-04 13:00:00,81532.16
2023-10-04 13:15:00,82280.24
2023-10-04 13:30:00,83343.46
2023-10-04 13:45:00,83675.516
2023-10-04 14:00:00,85182.26
2023-10-04 14:15:00,85930.34
2023-10-04 14:30:00,86993.56
2023-10-04 14:45:00,87325.62
2023-10-04 15:00:00,84356.35
2023-10-04 15:15:00,85077.16
2023-10-04 15:30:00,86140.375
2023-10-04 15:45:00,86472.43
2023-10-04 16:00:00,85866.81
2023-10-04 16:15:00,86198.47
2023-10-04 16:30:00,87079.914
2023-10-04 16:45:00,87411.97
2023-10-04 17:00:00,86663.16
2023-10-04 17:15:00,86857.52
2023-10-04 17:30:00,87671.28
2023-10-04 17:45:00,88003.336
2023-10-04 18:00:00,86784.43
2023-10-04 18:15:00,86757.37
2023-10-04 18:30:00,87532.266
2023-10-04 18:45:00,87864.32
2023-10-04 19:00:00,86862.2
2023-10-04 19:15:00,86835.14
2023-10-04 19:30:00,87526.28
2023-10-04 19:45:00,87858.336
2023-10-04 20:00:00,86862.2
2023-10-04 20:15:00,86835.14
2023-10-04 20:30:00,87526.28
2023-10-04 20:45:00,87858.336
2023-10-04 21:00:00,86896.48
2023-10-04 21:15:00,86869.414
2023-10-04 21:30:00,87523.38
2023-10-04 21:45:00,87722.12
2023-10-04 22:00:00,87273.625
2023-10-04 22:15:00,87246.56
2023-10-04 22:30:00,87736.39
2023-10-04 22:45:00,87489.35
2023-10-04 23:00:00,82841.04
2023-10-04 23:15:00,81283.164
2023-10-04 23:30:00,78428.125
2023-10-04 23:45:00,75180.29
2023-10-05 00:00:00,65519.5
2023-10-05 00:15:00,59498.04
2023-10-05 00:30:00,55499.176
2023-10-05 00:45:00,51534.168
2023-10-05 01:00:00,45602.094
2023-10-05 01:15:00,42852.75
2023-10-05 01:30:00,39665.316
2023-10-05 01:45:00,37307.938
2023-10-05 02:00:00,31816.36
2023-10-05 02:15:00,30005.3
2023-10-05 02:30:00,27649.32
2023-10-05 02:45:00,26139.219
2023-10-05 03:00:00,23339.133
2023-10-05 03:15:00,21696.47
2023-10-05 03:30:00,20795.744
2023-10-05 03:45:00,19728.133
2023-10-05 04:00:00,18872.035
2023-10-05 04:15:00,18749.617
2023-10-05 04:30:00,19074.031
2023-10-05 04:45:00,19334.156
2023-10-05 05:00:00,18695.955
2023-10-05 05:15:00,19228.51
2023-10-05 05:30:00,19948.312
2023-10-05 05:45:00,20499.016
2023-10-05 06:00:00,25138.74
2023-10-05 06:15:00,26087.428
2023-10-05 06:30:00,27649.932
2023-10-05 06:45:00,28200.635
2023-10-05 07:00:00,41946.242
2023-10-05 07:15:00,43509.45
2023-10-05 07:30:00,47095.43
2023-10-05 07:45:00,47646.137
2023-10-05 08:00:00,55947.633
2023-10-05 08:15:00,57510.848
2023-10-05 08:30:00,60487.676
2023-10-05 08:45:00,61038.383
2023-10-05 09:00:00,66743.68
2023-10-05 09:15:00,68007.98
2023-10-05 09:30:00,69790.266
2023-10-05 09:45:00,70341.016
2023-10-05 10:00:00,71662.52
2023-10-05 10:15:00,72410.61
2023-10-05 10:30:00,73473.83
2023-10-05 10:45:00,73864.22
2023-10-05 11:00:00,73665.15
2023-10-05 11:15:00,74413.234
2023-10-05 11:30:00,75476.45
2023-10-05 11:45:00,75808.51
2023-10-05 12:00:00,76586.18
2023-10-05 12:15:00,77334.266
2023-10-05 12:30:00,78397.484
2023-10-05 12:45:00,78729.54
2023-10-05 13:00:00,81482.67
2023-10-05 13:15:00,82230.76
2023-10-05 13:30:00,83293.98
2023-10-05 13:45:00,83626.03
2023-10-05 14:00:00,85132.77
2023-10-05 14:15:00,85880.86
2023-10-05 14:30:00,86944.08
2023-10-05 14:45:00,87276.13
2023-10-05 15:00:00,84306.87
2023-10-05 15:15:00,85027.67
2023-10-05 15:30:00,86090.89
2023-10-05 15:45:00,86422.945
2023-10-05 16:00:00,85817.33
2023-10-05 16:15:00,86148.984
2023-10-05 16:30:00,87030.43
2023-10-05 16:45:00,87362.484
2023-10-05 17:00:00,86613.67
2023-10-05 17:15:00,86808.04
2023-10-05 17:30:00,87621.8
2023-10-05 17:45:00,87953.85
2023-10-05 18:00:00,86734.945
2023-10-05 18:15:00,86707.88
2023-10-05 18:30:00,87482.78
2023-10-05 18:45:00,87814.836
2023-10-05 19:00:00,86812.72
2023-10-05 19:15:00,86785.66
2023-10-05 19:30:00,87476.8
2023-10-05 19:45:00,87808.85
2023-10-05 20:00:00,86812.72
2023-10-05 20:15:00,86785.66
2023-10-05 20:30:00,87476.8
2023-10-05 20:45:00,87808.85
2023-10-05 21:00:00,86846.99
2023-10-05 21:15:00,86819.93
2023-10-05 21:30:00,87473.9
2023-10-05 21:45:00,87672.63
2023-10-05 22:00:00,87224.14
2023-10-05 22:15:00,87197.08
2023-10-05 22:30:00,87686.91
2023-10-05 22:45:00,87439.87
2023-10-05 23:00:00,82832.91
2023-10-05 23:15:00,81275.03
2023-10-05 23:30:00,78419.99
2023-10-05 23:45:00,75172.16
2023-10-06 00:00:00,65314.53
2023-10-06 00:15:00,59293.08
2023-10-06 00:30:00,55294.215
2023-10-06 00:45:00,51329.207
2023-10-06 01:00:00,45602.094
2023-10-06 01:15:00,42852.75
2023-10-06 01:30:00,39665.316
2023-10-06 01:45:00,37307.938
2023-10-06 02:00:00,31816.36
2023-10-06 02:15:00,30005.3
2023-10-06 02:30:00,27649.32
2023-10-06 02:45:00,26139.219
2023-10-06 03:00:00,23339.133
2023-10-06 03:15:00,21696.47
2023-10-06 03:30:00,20795.744
2023-10-06 03:45:00,19728.133
2023-10-06 04:00:00,18872.035
2023-10-06 04:15:00,18749.617
2023-10-06 04:30:00,19074.031
2023-10-06 04:45:00,19334.156
2023-10-06 05:00:00,18695.955
2023-10-06 05:15:00,19228.51
2023-10-06 05:30:00,19948.312
2023-10-06 05:45:00,20499.016
2023-10-06 06:00:00,25138.74
2023-10-06 06:15:00,26087.428
2023-10-06 06:30:00,27649.932
2023-10-06 06:45:00,28200.635
2023-10-06 07:00:00,41946.242
2023-10-06 07:15:00,43509.45
2023-10-06 07:30:00,47095.43
2023-10-06 07:45:00,47646.137
2023-10-06 08:00:00,55947.633
2023-10-06 08:15:00,57510.848
2023-10-06 08:30:00,60487.676
2023-10-06 08:45:00,61038.383
2023-10-06 09:00:00,66743.68
2023-10-06 09:15:00,68007.98
2023-10-06 09:30:00,69790.266
2023-10-06 09:45:00,70341.016
2023-10-06 10:00:00,71658.02
2023-10-06 10:15:00,72406.11
2023-10-06 10:30:00,73469.33
2023-10-06 10:45:00,73859.72
2023-10-06 11:00:00,73738.125
2023-10-06 11:15:00,74486.21
2023-10-06 11:30:00,75549.43
2023-10-06 11:45:00,75881.484
2023-10-06 12:00:00,76859.91
2023-10-06 12:15:00,77607.99
2023-10-06 12:30:00,78671.21
2023-10-06 12:45:00,79003.266
2023-10-06 13:00:00,82220.85
2023-10-06 13:15:00,82968.94
2023-10-06 13:30:00,84032.16
2023-10-06 13:45:00,84364.21
2023-10-06 14:00:00,86429.805
2023-10-06 14:15:00,87177.89
2023-10-06 14:30:00,88241.11
2023-10-06 14:45:00,88573.164
2023-10-06 15:00:00,86460.75
2023-10-06 15:15:00,87181.555
2023-10-06 15:30:00,88244.77
2023-10-06 15:45:00,88576.83
2023-10-06 16:00:00,88209.94
2023-10-06 16:15:00,88541.59
2023-10-06 16:30:00,89423.04
2023-10-06 16:45:00,89755.09
2023-10-06 17:00:00,89023.24
2023-10-06 17:15:00,89217.61
2023-10-06 17:30:00,90031.37
2023-10-06 17:45:00,90363.42
2023-10-06 18:00:00,89181.58
2023-10-06 18:15:00,89304.43
2023-10-06 18:30:00,90079.33
2023-10-06 18:45:00,90411.38
2023-10-06 19:00:00,89289.67
2023-10-06 19:15:00,89412.52
2023-10-06 19:30:00,90103.664
2023-10-06 19:45:00,90435.72
2023-10-06 20:00:00,89289.67
2023-10-06 20:15:00,89412.52
2023-10-06 20:30:00,90103.664
2023-10-06 20:45:00,90435.72
2023-10-06 21:00:00,90264.15
2023-10-06 21:15:00,90387.0
2023-10-06 21:30:00,91040.97
2023-10-06 21:45:00,91239.7
2023-10-06 22:00:00,90641.3
2023-10-06 22:15:00,90764.15
2023-10-06 22:30:00,91253.98
2023-10-06 22:45:00,91006.94
2023-10-06 23:00:00,85833.38
2023-10-06 23:15:00,84470.414
2023-10-06 23:30:00,82061.26
2023-10-06 23:45:00,80079.305
2023-10-07 00:00:00,77935.06
2023-10-07 00:15:00,71960.23
2023-10-07 00:30:00,67786.98
2023-10-07 00:45:00,63506.387
2023-10-07 01:00:00,56843.227
2023-10-07 01:15:00,54100.258
2023-10-07 01:30:00,50738.445
2023-10-07 01:45:00,48065.484
2023-10-07 02:00:00,40696.89
2023-10-07 02:15:00,38892.203
2023-10-07 02:30:00,36361.87
2023-10-07 02:45:00,34536.164
2023-10-07 03:00:00,27971.395
2023-10-07 03:15:00,26335.098
2023-10-07 03:30:00,25259.996
2023-10-07 03:45:00,23876.793
2023-10-07 04:00:00,20024.242
2023-10-07 04:15:00,19901.824
2023-10-07 04:30:00,20063.99
2023-10-07 04:45:00,20324.117
2023-10-07 05:00:00,17640.293
2023-10-07 05:15:00,18172.848
2023-10-07 05:30:00,18730.404
2023-10-07 05:45:00,19281.105
2023-10-07 06:00:00,19777.453
2023-10-07 06:15:00,20726.14
2023-10-07 06:30:00,22288.643
2023-10-07 06:45:00,22839.348
2023-10-07 07:00:00,34442.527
2023-10-07 07:15:00,36005.742
2023-10-07 07:30:00,39591.723
2023-10-07 07:45:00,40142.43
2023-10-07 08:00:00,45349.3
2023-10-07 08:15:00,46912.508
2023-10-07 08:30:00,49889.34
2023-10-07 08:45:00,50440.047
2023-10-07 09:00:00,55450.746
2023-10-07 09:15:00,56715.047
2023-10-07 09:30:00,58497.355
2023-10-07 09:45:00,59048.062
2023-10-07 10:00:00,63647.695
2023-10-07 10:15:00,64395.816
2023-10-07 10:30:00,65459.04
2023-10-07 10:45:00,65849.38
2023-10-07 11:00:00,68482.69
2023-10-07 11:15:00,69230.77
2023-10-07 11:30:00,70293.99
2023-10-07 11:45:00,70626.05
2023-10-07 12:00:00,75074.984
2023-10-07 12:15:00,75823.07
2023-10-07 12:30:00,76886.29
2023-10-07 12:45:00,77218.34
2023-10-07 13:00:00,80533.18
2023-10-07 13:15:00,81281.266
2023-10-07 13:30:00,82344.484
2023-10-07 13:45:00,82676.54
2023-10-07 14:00:00,85025.67
2023-10-07 14:15:00,85773.76
2023-10-07 14:30:00,86836.98
2023-10-07 14:45:00,87169.03
2023-10-07 15:00:00,85900.016
2023-10-07 15:15:00,86620.82
2023-10-07 15:30:00,87684.04
2023-10-07 15:45:00,88016.09
2023-10-07 16:00:00,88204.42
2023-10-07 16:15:00,88536.08
2023-10-07 16:30:00,89417.52
2023-10-07 16:45:00,89749.58
2023-10-07 17:00:00,89576.67
2023-10-07 17:15:00,89856.914
2023-10-07 17:30:00,90680.36
2023-10-07 17:45:00,91012.414
2023-10-07 18:00:00,89982.72
2023-10-07 18:15:00,90262.96
2023-10-07 18:30:00,91047.55
2023-10-07 18:45:00,91379.6
2023-10-07 19:00:00,91176.805
2023-10-07 19:15:00,91457.05
2023-10-07 19:30:00,92157.875
2023-10-07 19:45:00,92489.93
2023-10-07 20:00:00,91176.805
2023-10-07 20:15:00,91457.05
2023-10-07 20:30:00,92157.875
2023-10-07 20:45:00,92489.93
2023-10-07 21:00:00,92379.35
2023-10-07 21:15:00,92659.59
2023-10-07 21:30:00,93323.25
2023-10-07 21:45:00,93521.984
2023-10-07 22:00:00,92756.5
2023-10-07 22:15:00,93036.74
2023-10-07 22:30:00,93536.26
2023-10-07 22:45:00,93289.22
2023-10-07 23:00:00,88820.02
2023-10-07 23:15:00,87614.445
2023-10-07 23:30:00,85214.98
2023-10-07 23:45:00,83233.02
2023-10-08 00:00:00,81497.84
2023-10-08 00:15:00,76160.93
2023-10-08 00:30:00,71512.64
2023-10-08 00:45:00,67921.945
2023-10-08 01:00:00,60273.883
2023-10-08 01:15:00,57443.684
2023-10-08 01:30:00,53606.848
2023-10-08 01:45:00,51155.31
2023-10-08 02:00:00,44074.86
2023-10-08 02:15:00,42150.746
2023-10-08 02:30:00,39145.39
2023-10-08 02:45:00,37296.383
2023-10-08 03:00:00,31367.832
2023-10-08 03:15:00,29612.125
2023-10-08 03:30:00,28062.004
2023-10-08 03:45:00,26655.52
2023-10-08 04:00:00,21024.27
2023-10-08 04:15:00,21083.73
2023-10-08 04:30:00,20934.037
2023-10-08 04:45:00,21194.16
2023-10-08 05:00:00,17637.828
2023-10-08 05:15:00,18352.262
2023-10-08 05:30:00,18671.666
2023-10-08 05:45:00,19222.371
2023-10-08 06:00:00,17815.844
2023-10-08 06:15:00,18764.531
2023-10-08 06:30:00,20327.037
2023-10-08 06:45:00,20877.738
2023-10-08 07:00:00,31418.164
2023-10-08 07:15:00,32981.367
2023-10-08 07:30:00,36567.348
2023-10-08 07:45:00,37118.055
2023-10-08 08:00:00,42324.926
2023-10-08 08:15:00,43888.133
2023-10-08 08:30:00,46864.965
2023-10-08 08:45:00,47415.67
2023-10-08 09:00:00,52571.598
2023-10-08 09:15:00,53835.9
2023-10-08 09:30:00,55618.207
2023-10-08 09:45:00,56168.914
2023-10-08 10:00:00,63445.78
2023-10-08 10:15:00,64193.906
2023-10-08 10:30:00,65257.125
2023-10-08 10:45:00,65647.46
2023-10-08 11:00:00,68280.76
2023-10-08 11:15:00,69028.84
2023-10-08 11:30:00,70092.06
2023-10-08 11:45:00,70424.12
2023-10-08 12:00:00,74873.055
2023-10-08 12:15:00,75621.14
2023-10-08 12:30:00,76684.36
2023-10-08 12:45:00,77016.414
2023-10-08 13:00:00,80331.25
2023-10-08 13:15:00,81079.336
2023-10-08 13:30:00,82142.555
2023-10-08 13:45:00,82474.61
2023-10-08 14:00:00,84823.74
2023-10-08 14:15:00,85571.83
2023-10-08 14:30:00,86635.05
2023-10-08 14:45:00,86967.1
2023-10-08 15:00:00,85698.086
2023-10-08 15:15:00,86418.89
2023-10-08 15:30:00,87482.11
2023-10-08 15:45:00,87814.164
2023-10-08 16:00:00,88002.49
2023-10-08 16:15:00,88334.15
2023-10-08 16:30:00,89215.59
2023-10-08 16:45:00,89547.65
2023-10-08 17:00:00,89349.69
2023-10-08 17:15:00,89629.93
2023-10-08 17:30:00,90453.375
2023-10-08 17:45:00,90785.43
2023-10-08 18:00:00,89741.945
2023-10-08 18:15:00,90022.19
2023-10-08 18:30:00,90806.77
2023-10-08 18:45:00,91138.83
2023-10-08 19:00:00,90936.03
2023-10-08 19:15:00,91216.27
2023-10-08 19:30:00,91917.1
2023-10-08 19:45:00,92249.16
2023-10-08 20:00:00,90936.03
2023-10-08 20:15:00,91216.27
2023-10-08 20:30:00,91917.1
2023-10-08 20:45:00,92249.16
2023-10-08 21:00:00,92138.58
2023-10-08 21:15:00,92418.82
2023-10-08 21:30:00,93082.48
2023-10-08 21:45:00,93281.21
2023-10-08 22:00:00,92515.73
2023-10-08 22:15:00,92795.97
2023-10-08 22:30:00,93295.484
2023-10-08 22:45:00,93048.445
2023-10-08 23:00:00,87434.06
2023-10-08 23:15:00,86053.195
2023-10-08 23:30:00,83369.836
2023-10-08 23:45:00,80967.07
2023-10-09 00:00:00,75168.05
2023-10-09 00:15:00,69011.13
2023-10-09 00:30:00,64567.836
2023-10-09 00:45:00,59603.305
2023-10-09 01:00:00,50995.438
2023-10-09 01:15:00,48176.277
2023-10-09 01:30:00,44659.543
2023-10-09 01:45:00,42224.348
2023-10-09 02:00:00,36179.59
2023-10-09 02:15:00,34368.547
2023-10-09 02:30:00,31691.275
2023-10-09 02:45:00,30181.174
2023-10-09 03:00:00,25208.258
2023-10-09 03:15:00,23607.906
2023-10-09 03:30:00,22453.684
2023-10-09 03:45:00,21386.072
2023-10-09 04:00:00,18358.234
2023-10-09 04:15:00,18278.127
2023-10-09 04:30:00,18504.143
2023-10-09 04:45:00,18764.268
2023-10-09 05:00:00,18179.463
2023-10-09 05:15:00,18754.328
2023-10-09 05:30:00,19269.08
2023-10-09 05:45:00,19819.783
2023-10-09 06:00:00,23949.344
2023-10-09 06:15:00,24940.342
2023-10-09 06:30:00,26297.795
2023-10-09 06:45:00,26848.498
2023-10-09 07:00:00,39085.47
2023-10-09 07:15:00,40690.992
2023-10-09 07:30:00,44071.895
2023-10-09 07:45:00,44622.6
2023-10-09 08:00:00,51274.496
2023-10-09 08:15:00,52880.01
2023-10-09 08:30:00,55651.77
2023-10-09 08:45:00,56202.477
2023-10-09 09:00:00,61913.42
2023-10-09 09:15:00,63220.03
2023-10-09 09:30:00,64797.26
2023-10-09 09:45:00,65347.97
2023-10-09 10:00:00,65816.08
2023-10-09 10:15:00,66606.48
2023-10-09 10:30:00,67464.65
2023-10-09 10:45:00,67855.04
2023-10-09 11:00:00,67817.17
2023-10-09 11:15:00,68607.57
2023-10-09 11:30:00,69465.74
2023-10-09 11:45:00,69797.8
2023-10-09 12:00:00,73105.64
2023-10-09 12:15:00,73896.04
2023-10-09 12:30:00,74754.21
2023-10-09 12:45:00,75086.266
2023-10-09 13:00:00,76749.24
2023-10-09 13:15:00,77539.64
2023-10-09 13:30:00,78397.81
2023-10-09 13:45:00,78729.87
2023-10-09 14:00:00,80460.03
2023-10-09 14:15:00,81250.43
2023-10-09 14:30:00,82108.6
2023-10-09 14:45:00,82440.66
2023-10-09 15:00:00,79593.31
2023-10-09 15:15:00,80356.43
2023-10-09 15:30:00,81214.6
2023-10-09 15:45:00,81546.66
2023-10-09 16:00:00,80275.9
2023-10-09 16:15:00,80649.87
2023-10-09 16:30:00,81326.266
2023-10-09 16:45:00,81658.32
2023-10-09 17:00:00,80759.09
2023-10-09 17:15:00,80995.77
2023-10-09 17:30:00,81604.484
2023-10-09 17:45:00,81936.54
2023-10-09 18:00:00,80880.37
2023-10-09 18:15:00,80895.62
2023-10-09 18:30:00,81465.47
2023-10-09 18:45:00,81797.52
2023-10-09 19:00:00,80880.37
2023-10-09 19:15:00,80895.62
2023-10-09 19:30:00,81465.47
2023-10-09 19:45:00,81797.52
2023-10-09 20:00:00,80880.37
2023-10-09 20:15:00,80895.62
2023-10-09 20:30:00,81465.47
2023-10-09 20:45:00,81797.52
2023-10-09 21:00:00,81443.914
2023-10-09 21:15:00,81459.164
2023-10-09 21:30:00,81991.84
2023-10-09 21:45:00,82110.38
2023-10-09 22:00:00,81823.56
2023-10-09 22:15:00,81838.81
2023-10-09 22:30:00,82207.35
2023-10-09 22:45:00,81880.12
2023-10-09 23:00:00,78417.31
2023-10-09 23:15:00,76860.74
2023-10-09 23:30:00,73872.195
2023-10-09 23:45:00,70544.164
2023-10-10 00:00:00,65196.613
2023-10-10 00:15:00,59175.16
2023-10-10 00:30:00,55088.945
2023-10-10 00:45:00,51123.938
2023-10-10 01:00:00,45367.496
2023-10-10 01:15:00,42618.152
2023-10-10 01:30:00,39343.367
2023-10-10 01:45:00,36985.99
2023-10-10 02:00:00,31509.32
2023-10-10 02:15:00,29698.262
2023-10-10 02:30:00,27274.514
2023-10-10 02:45:00,25764.412
2023-10-10 03:00:00,22400.584
2023-10-10 03:15:00,20800.232
2023-10-10 03:30:00,19899.506
2023-10-10 03:45:00,18831.895
2023-10-10 04:00:00,17896.041
2023-10-10 04:15:00,17815.934
2023-10-10 04:30:00,18140.348
2023-10-10 04:45:00,18400.473
2023-10-10 05:00:00,17719.96
2023-10-10 05:15:00,18294.826
2023-10-10 05:30:00,19014.629
2023-10-10 05:45:00,19565.332
2023-10-10 06:00:00,23940.23
2023-10-10 06:15:00,24931.229
2023-10-10 06:30:00,26493.732
2023-10-10 06:45:00,27044.436
2023-10-10 07:00:00,40963.414
2023-10-10 07:15:00,42568.93
2023-10-10 07:30:00,46154.91
2023-10-10 07:45:00,46705.617
2023-10-10 08:00:00,54851.37
2023-10-10 08:15:00,56456.895
2023-10-10 08:30:00,59433.723
2023-10-10 08:45:00,59984.43
2023-10-10 09:00:00,65647.32
2023-10-10 09:15:00,66954.01
2023-10-10 09:30:00,68736.3
2023-10-10 09:45:00,69287.05
2023-10-10 10:00:00,70011.03
2023-10-10 10:15:00,70801.43
2023-10-10 10:30:00,71864.65
2023-10-10 10:45:00,72255.04
2023-10-10 11:00:00,72012.125
2023-10-10 11:15:00,72802.52
2023-10-10 11:30:00,73865.74
2023-10-10 11:45:00,74197.8
2023-10-10 12:00:00,74699.48
2023-10-10 12:15:00,75489.875
2023-10-10 12:30:00,76553.09
2023-10-10 12:45:00,76885.15
2023-10-10 13:00:00,78343.08
2023-10-10 13:15:00,79133.48
2023-10-10 13:30:00,80196.695
2023-10-10 13:45:00,80528.75
2023-10-10 14:00:00,81993.18
2023-10-10 14:15:00,82783.58
2023-10-10 14:30:00,83846.8
2023-10-10 14:45:00,84178.85
2023-10-10 15:00:00,81126.46
2023-10-10 15:15:00,81889.58
2023-10-10 15:30:00,82952.8
2023-10-10 15:45:00,83284.85
2023-10-10 16:00:00,82210.734
2023-10-10 16:15:00,82584.7
2023-10-10 16:30:00,83466.15
2023-10-10 16:45:00,83798.2
2023-10-10 17:00:00,83007.08
2023-10-10 17:15:00,83243.76
2023-10-10 17:30:00,84057.516
2023-10-10 17:45:00,84389.57
2023-10-10 18:00:00,83128.35
2023-10-10 18:15:00,83143.6
2023-10-10 18:30:00,83918.5
2023-10-10 18:45:00,84250.555
2023-10-10 19:00:00,83212.11
2023-10-10 19:15:00,83227.36
2023-10-10 19:30:00,83918.5
2023-10-10 19:45:00,84250.555
2023-10-10 20:00:00,83212.11
2023-10-10 20:15:00,83227.36
2023-10-10 20:30:00,83918.5
2023-10-10 20:45:00,84250.555
2023-10-10 21:00:00,83775.66
2023-10-10 21:15:00,83790.91
2023-10-10 21:30:00,84444.875
2023-10-10 21:45:00,84563.414
2023-10-10 22:00:00,84155.305
2023-10-10 22:15:00,84170.555
2023-10-10 22:30:00,84660.38
2023-10-10 22:45:00,84333.15
2023-10-10 23:00:00,80274.21
2023-10-10 23:15:00,78717.64
2023-10-10 23:30:00,75717.67
2023-10-10 23:45:00,72389.64
2023-10-11 00:00:00,65547.76
2023-10-11 00:15:00,59526.305
2023-10-11 00:30:00,55527.44
2023-10-11 00:45:00,51562.434
2023-10-11 01:00:00,45630.36
2023-10-11 01:15:00,42881.016
2023-10-11 01:30:00,39693.582
2023-10-11 01:45:00,37336.203
2023-10-11 02:00:00,31844.637
2023-10-11 02:15:00,30033.578
2023-10-11 02:30:00,27677.598
2023-10-11 02:45:00,26167.496
2023-10-11 03:00:00,23367.41
2023-10-11 03:15:00,21724.748
2023-10-11 03:30:00,20824.021
2023-10-11 03:45:00,19756.41
2023-10-11 04:00:00,18900.312
2023-10-11 04:15:00,18777.895
2023-10-11 04:30:00,19102.309
2023-10-11 04:45:00,19362.434
2023-10-11 05:00:00,18724.232
2023-10-11 05:15:00,19256.787
2023-10-11 05:30:00,19976.59
2023-10-11 05:45:00,20527.293
2023-10-11 06:00:00,25184.736
2023-10-11 06:15:00,26133.424
2023-10-11 06:30:00,27695.928
2023-10-11 06:45:00,28246.63
2023-10-11 07:00:00,41995.72
2023-10-11 07:15:00,43558.926
2023-10-11 07:30:00,47144.906
2023-10-11 07:45:00,47695.613
2023-10-11 08:00:00,55997.11
2023-10-11 08:15:00,57560.324
2023-10-11 08:30:00,60537.152
2023-10-11 08:45:00,61087.86
2023-10-11 09:00:00,66793.164
2023-10-11 09:15:00,68057.46
2023-10-11 09:30:00,69839.75
2023-10-11 09:45:00,70390.5
2023-10-11 10:00:00,71712.01
2023-10-11 10:15:00,72460.09
2023-10-11 10:30:00,73523.31
2023-10-11 10:45:00,73913.7
2023-10-11 11:00:00,73714.63
2023-10-11 11:15:00,74462.72
2023-10-11 11:30:00,75525.94
2023-10-11 11:45:00,75857.99
2023-10-11 12:00:00,76635.664
2023-10-11 12:15:00,77383.75
2023-10-11 12:30:00,78446.97
2023-10-11 12:45:00,78779.02
2023-10-11 13:00:00,81532.16
2023-10-11 13:15:00,82280.24
2023-10-11 13:30:00,83343.46
2023-10-11 13:45:00,83675.516
2023-10-11 14:00:00,85182.26
2023-10-11 14:15:00,85930.34
2023-10-11 14:30:00,86993.56
2023-10-11 14:45:00,87325.62
2023-10-11 15:00:00,84356.35
2023-10-11 15:15:00,85077.16
2023-10-11 15:30:00,86140.375
2023-10-11 15:45:00,86472.43
2023-10-11 16:00:00,85866.81
2023-10-11 16:15:00,86198.47
2023-10-11 16:30:00,87079.914
2023-10-11 16:45:00,87411.97
2023-10-11 17:00:00,86663.16
2023-10-11 17:15:00,86857.52
2023-10-11 17:30:00,87671.28
2023-10-11 17:45:00,88003.336
2023-10-11 18:00:00,86784.43
2023-10-11 18:15:00,86757.37
2023-10-11 18:30:00,87532.266
2023-10-11 18:45:00,87864.32
2023-10-11 19:00:00,86862.2
2023-10-11 19:15:00,86835.14
2023-10-11 19:30:00,87526.28
2023-10-11 19:45:00,87858.336
2023-10-11 20:00:00,86862.2
2023-10-11 20:15:00,86835.14
2023-10-11 20:30:00,87526.28
2023-10-11 20:45:00,87858.336
2023-10-11 21:00:00,86896.48
2023-10-11 21:15:00,86869.414
2023-10-11 21:30:00,87523.38
2023-10-11 21:45:00,87722.12
2023-10-11 22:00:00,87273.625
2023-10-11 22:15:00,87246.56
2023-10-11 22:30:00,87736.39
2023-10-11 22:45:00,87489.35
2023-10-11 23:00:00,82841.04
2023-10-11 23:15:00,81283.164
2023-10-11 23:30:00,78428.125
2023-10-11 23:45:00,75180.29
2023-10-12 00:00:00,65519.5
2023-10-12 00:15:00,59498.04
2023-10-12 00:30:00,55499.176
2023-10-12 00:45:00,51534.168
2023-10-12 01:00:00,45602.094
2023-10-12 01:15:00,42852.75
2023-10-12 01:30:00,39665.316
2023-10-12 01:45:00,37307.938
2023-10-12 02:00:00,31816.36
2023-10-12 02:15:00,30005.3
2023-10-12 02:30:00,27649.32
2023-10-12 02:45:00,26139.219
2023-10-12 03:00:00,23339.133
2023-10-12 03:15:00,21696.47
2023-10-12 03:30:00,20795.744
2023-10-12 03:45:00,19728.133
2023-10-12 04:00:00,18872.035
2023-10-12 04:15:00,18749.617
2023-10-12 04:30:00,19074.031
2023-10-12 04:45:00,19334.156
2023-10-12 05:00:00,18695.955
2023-10-12 05:15:00,19228.51
2023-10-12 05:30:00,19948.312
2023-10-12 05:45:00,20499.016
2023-10-12 06:00:00,25138.74
2023-10-12 06:15:00,26087.428
2023-10-12 06:30:00,27649.932
2023-10-12 06:45:00,28200.635
2023-10-12 07:00:00,41946.242
2023-10-12 07:15:00,43509.45
2023-10-12 07:30:00,47095.43
2023-10-12 07:45:00,47646.137
2023-10-12 08:00:00,55947.633
2023-10-12 08:15:00,57510.848
2023-10-12 08:30:00,60487.676
2023-10-12 08:45:00,61038.383
2023-10-12 09:00:00,66743.68
2023-10-12 09:15:00,68007.98
2023-10-12 09:30:00,69790.266
2023-10-12 09:45:00,70341.016
2023-10-12 10:00:00,71662.52
2023-10-12 10:15:00,72410.61
2023-10-12 10:30:00,73473.83
2023-10-12 10:45:00,73864.22
2023-10-12 11:00:00,73665.15
2023-10-12 11:15:00,74413.234
2023-10-12 11:30:00,75476.45
2023-10-12 11:45:00,75808.51
2023-10-12 12:00:00,76586.18
2023-10-12 12:15:00,77334.266
2023-10-12 12:30:00,78397.484
2023-10-12 12:45:00,78729.54
2023-10-12 13:00:00,81482.67
2023-10-12 13:15:00,82230.76
2023-10-12 13:30:00,83293.98
2023-10-12 13:45:00,83626.03
2023-10-12 14:00:00,85132.77
2023-10-12 14:15:00,85880.86
2023-10-12 14:30:00,86944.08
2023-10-12 14:45:00,87276.13
2023-10-12 15:00:00,84306.87
2023-10-12 15:15:00,85027.67
2023-10-12 15:30:00,86090.89
2023-10-12 15:45:00,86422.945
2023-10-12 16:00:00,85817.33
2023-10-12 16:15:00,86148.984
2023-10-12 16:30:00,87030.43
2023-10-12 16:45:00,87362.484
2023-10-12 17:00:00,86613.67
2023-10-12 17:15:00,86808.04
2023-10-12 17:30:00,87621.8
2023-10-12 17:45:00,87953.85
2023-10-12 18:00:00,86734.945
2023-10-12 18:15:00,86707.88
2023-10-12 18:30:00,87482.78
2023-10-12 18:45:00,87814.836
2023-10-12 19:00:00,86812.72
2023-10-12 19:15:00,86785.66
2023-10-12 19:30:00,87476.8
2023-10-12 19:45:00,87808.85
2023-10-12 20:00:00,86812.72
2023-10-12 20:15:00,86785.66
2023-10-12 20:30:00,87476.8
2023-10-12 20:45:00,87808.85
2023-10-12 21:00:00,86846.99
2023-10-12 21:15:00,86819.93
2023-10-12 21:30:00,87473.9
2023-10-12 21:45:00,87672.63
2023-10-12 22:00:00,87224.14
2023-10-12 22:15:00,87197.08
2023-10-12 22:30:00,87686.91
2023-10-12 22:45:00,87439.87
2023-10-12 23:00:00,82832.91
2023-10-12 23:15:00,81275.03
2023-10-12 23:30:00,78419.99
2023-10-12 23:45:00,75172.16
2023-10-13 00:00:00,65314.53
2023-10-13 00:15:00,59293.08
2023-10-13 00:30:00,55294.215
2023-10-13 00:45:00,51329.207
2023-10-13 01:00:00,45602.094
2023-10-13 01:15:00,42852.75
2023-10-13 01:30:00,39665.316
2023-10-13 01:45:00,37307.938
2023-10-13 02:00:00,31816.36
2023-10-13 02:15:00,30005.3
2023-10-13 02:30:00,27649.32
2023-10-13 02:45:00,26139.219
2023-10-13 03:00:00,23339.133
2023-10-13 03:15:00,21696.47
2023-10-13 03:30:00,20795.744
2023-10-13 03:45:00,19728.133
2023-10-13 04:00:00,18872.035
2023-10-13 04:15:00,18749.617
2023-10-13 04:30:00,19074.031
2023-10-13 04:45:00,19334.156
2023-10-13 05:00:00,18695.955
2023-10-13 05:15:00,19228.51
2023-10-13 05:30:00,19948.312
2023-10-13 05:45:00,20499.016
2023-10-13 06:00:00,25138.74
2023-10-13 06:15:00,26087.428
2023-10-13 06:30:00,27649.932
2023-10-13 06:45:00,28200.635
2023-10-13 07:00:00,41946.242
2023-10-13 07:15:00,43509.45
2023-10-13 07:30:00,47095.43
2023-10-13 07:45:00,47646.137
2023-10-13 08:00:00,55947.633
2023-10-13 08:15:00,57510.848
2023-10-13 08:30:00,60487.676
2023-10-13 08:45:00,61038.383
2023-10-13 09:00:00,66743.68
2023-10-13 09:15:00,68007.98
2023-10-13 09:30:00,69790.266
2023-10-13 09:45:00,70341.016
2023-10-13 10:00:00,71658.02
2023-10-13 10:15:00,72406.11
2023-10-13 10:30:00,73469.33
2023-10-13 10:45:00,73859.72
2023-10-13 11:00:00,73738.125
2023-10-13 11:15:00,74486.21
2023-10-13 11:30:00,75549.43
2023-10-13 11:45:00,75881.484
2023-10-13 12:00:00,76859.91
2023-10-13 12:15:00,77607.99
2023-10-13 12:30:00,78671.21
2023-10-13 12:45:00,79003.266
2023-10-13 13:00:00,82220.85
2023-10-13 13:15:00,82968.94
2023-10-13 13:30:00,84032.16
2023-10-13 13:45:00,84364.21
2023-10-13 14:00:00,86429.805
2023-10-13 14:15:00,87177.89
2023-10-13 14:30:00,88241.11
2023-10-13 14:45:00,88573.164
2023-10-13 15:00:00,86460.75
2023-10-13 15:15:00,87181.555
2023-10-13 15:30:00,88244.77
2023-10-13 15:45:00,88576.83
2023-10-13 16:00:00,88209.94
2023-10-13 16:15:00,88541.59
2023-10-13 16:30:00,89423.04
2023-10-13 16:45:00,89755.09
2023-10-13 17:00:00,89023.24
2023-10-13 17:15:00,89217.61
2023-10-13 17:30:00,90031.37
2023-10-13 17:45:00,90363.42
2023-10-13 18:00:00,89181.58
2023-10-13 18:15:00,89304.43
2023-10-13 18:30:00,90079.33
2023-10-13 18:45:00,90411.38
2023-10-13 19:00:00,89289.67
2023-10-13 19:15:00,89412.52
2023-10-13 19:30:00,90103.664
2023-10-13 19:45:00,90435.72
2023-10-13 20:00:00,89289.67
2023-10-13 20:15:00,89412.52
2023-10-13 20:30:00,90103.664
2023-10-13 20:45:00,90435.72
2023-10-13 21:00:00,90264.15
2023-10-13 21:15:00,90387.0
2023-10-13 21:30:00,91040.97
2023-10-13 21:45:00,91239.7
2023-10-13 22:00:00,90641.3
2023-10-13 22:15:00,90764.15
2023-10-13 22:30:00,91253.98
2023-10-13 22:45:00,91006.94
2023-10-13 23:00:00,85833.38
2023-10-13 23:15:00,84470.414
2023-10-13 23:30:00,82061.26
2023-10-13 23:45:00,80079.305
2023-10-14 00:00:00,77935.06
2023-10-14 00:15:00,71960.23
2023-10-14 00:30:00,67786.98
2023-10-14 00:45:00,63506.387
2023-10-14 01:00:00,56843.227
2023-10-14 01:15:00,54100.258
2023-10-14 01:30:00,50738.445
2023-10-14 01:45:00,48065.484
2023-10-14 02:00:00,40696.89
2023-10-14 02:15:00,38892.203
2023-10-14 02:30:00,36361.87
2023-10-14 02:45:00,34536.164
2023-10-14 03:00:00,27971.395
2023-10-14 03:15:00,26335.098
2023-10-14 03:30:00,25259.996
2023-10-14 03:45:00,23876.793
2023-10-14 04:00:00,20024.242
2023-10-14 04:15:00,19901.824
2023-10-14 04:30:00,20063.99
2023-10-14 04:45:00,20324.117
2023-10-14 05:00:00,17640.293
2023-10-14 05:15:00,18172.848
2023-10-14 05:30:00,18730.404
2023-10-14 05:45:00,19281.105
2023-10-14 06:00:00,19777.453
2023-10-14 06:15:00,20726.14
2023-10-14 06:30:00,22288.643
2023-10-14 06:45:00,22839.348
2023-10-14 07:00:00,34442.527
2023-10-14 07:15:00,36005.742
2023-10-14 07:30:00,39591.723
2023-10-14 07:45:00,40142.43
2023-10-14 08:00:00,45349.3
2023-10-14 08:15:00,46912.508
2023-10-14 08:30:00,49889.34
2023-10-14 08:45:00,50440.047
2023-10-14 09:00:00,55450.746
2023-10-14 09:15:00,56715.047
2023-10-14 09:30:00,58497.355
2023-10-14 09:45:00,59048.062
2023-10-14 10:00:00,63647.695
2023-10-14 10:15:00,64395.816
2023-10-14 10:30:00,65459.04
2023-10-14 10:45:00,65849.38
2023-10-14 11:00:00,68482.69
2023-10-14 11:15:00,69230.77
2023-10-14 11:30:00,70293.99
2023-10-14 11:45:00,70626.05
2023-10-14 12:00:00,75074.984
2023-10-14 12:15:00,75823.07
2023-10-14 12:30:00,76886.29
2023-10-14 12:45:00,77218.34
2023-10-14 13:00:00,80533.18
2023-10-14 13:15:00,81281.266
2023-10-14 13:30:00,82344.484
2023-10-14 13:45:00,82676.54
2023-10-14 14:00:00,85025.67
2023-10-14 14:15:00,85773.76
2023-10-14 14:30:00,86836.98
2023-10-14 14:45:00,87169.03
2023-10-14 15:00:00,85900.016
2023-10-14 15:15:00,86620.82
2023-10-14 15:30:00,87684.04
2023-10-14 15:45:00,88016.09
2023-10-14 16:00:00,88204.42
2023-10-14 16:15:00,88536.08
2023-10-14 16:30:00,89417.52
2023-10-14 16:45:00,89749.58
2023-10-14 17:00:00,89576.67
2023-10-14 17:15:00,89856.914
2023-10-14 17:30:00,90680.36
2023-10-14 17:45:00,91012.414
2023-10-14 18:00:00,89982.72
2023-10-14 18:15:00,90262.96
2023-10-14 18:30:00,91047.55
2023-10-14 18:45:00,91379.6
2023-10-14 19:00:00,91176.805
2023-10-14 19:15:00,91457.05
2023-10-14 19:30:00,92157.875
2023-10-14 19:45:00,92489.93
2023-10-14 20:00:00,91176.805
2023-10-14 20:15:00,91457.05
2023-10-14 20:30:00,92157.875
2023-10-14 20:45:00,92489.93
2023-10-14 21:00:00,92379.35
2023-10-14 21:15:00,92659.59
2023-10-14 21:30:00,93323.25
2023-10-14 21:45:00,93521.984
2023-10-14 22:00:00,92756.5
2023-10-14 22:15:00,93036.74
2023-10-14 22:30:00,93536.26
2023-10-14 22:45:00,93289.22
2023-10-14 23:00:00,88820.02
2023-10-14 23:15:00,87614.445
2023-10-14 23:30:00,85214.98
2023-10-14 23:45:00,83233.02
2023-10-15 00:00:00,81497.84
2023-10-15 00:15:00,76160.93
2023-10-15 00:30:00,71512.64
2023-10-15 00:45:00,67921.945
2023-10-15 01:00:00,60273.883
2023-10-15 01:15:00,57443.684
2023-10-15 01:30:00,53606.848
2023-10-15 01:45:00,51155.31
2023-10-15 02:00:00,44074.86
2023-10-15 02:15:00,42150.746
2023-10-15 02:30:00,39145.39
2023-10-15 02:45:00,37296.383
2023-10-15 03:00:00,31367.832
2023-10-15 03:15:00,29612.125
2023-10-15 03:30:00,28062.004
2023-10-15 03:45:00,26655.52
2023-10-15 04:00:00,21024.27
2023-10-15 04:15:00,21083.73
2023-10-15 04:30:00,20934.037
2023-10-15 04:45:00,21194.16
2023-10-15 05:00:00,17637.828
2023-10-15 05:15:00,18352.262
2023-10-15 05:30:00,18671.666
2023-10-15 05:45:00,19222.371
2023-10-15 06:00:00,17815.844
2023-10-15 06:15:00,18764.531
2023-10-15 06:30:00,20327.037
2023-10-15 06:45:00,20877.738
2023-10-15 07:00:00,31418.164
2023-10-15 07:15:00,32981.367
2023-10-15 07:30:00,36567.348
2023-10-15 07:45:00,37118.055
2023-10-15 08:00:00,42324.926
2023-10-15 08:15:00,43888.133
2023-10-15 08:30:00,46864.965
2023-10-15 08:45:00,47415.67
2023-10-15 09:00:00,52571.598
2023-10-15 09:15:00,53835.9
2023-10-15 09:30:00,55618.207
2023-10-15 09:45:00,56168.914
2023-10-15 10:00:00,63445.78
2023-10-15 10:15:00,64193.906
2023-10-15 10:30:00,65257.125
2023-10-15 10:45:00,65647.46
2023-10-15 11:00:00,68280.76
2023-10-15 11:15:00,69028.84
2023-10-15 11:30:00,70092.06
2023-10-15 11:45:00,70424.12
2023-10-15 12:00:00,74873.055
2023-10-15 12:15:00,75621.14
2023-10-15 12:30:00,76684.36
2023-10-15 12:45:00,77016.414
2023-10-15 13:00:00,80331.25
2023-10-15 13:15:00,81079.336
2023-10-15 13:30:00,82142.555
2023-10-15 13:45:00,82474.61
2023-10-15 14:00:00,84823.74
2023-10-15 14:15:00,85571.83
2023-10-15 14:30:00,86635.05
2023-10-15 14:45:00,86967.1
2023-10-15 15:00:00,85698.086
2023-10-15 15:15:00,86418.89
2023-10-15 15:30:00,87482.11
2023-10-15 15:45:00,87814.164
2023-10-15 16:00:00,88002.49
2023-10-15 16:15:00,88334.15
2023-10-15 16:30:00,89215.59
2023-10-15 16:45:00,89547.65
2023-10-15 17:00:00,89349.69
2023-10-15 17:15:00,89629.93
2023-10-15 17:30:00,90453.375
2023-10-15 17:45:00,90785.43
2023-10-15 18:00:00,89741.945
2023-10-15 18:15:00,90022.19
2023-10-15 18:30:00,90806.77
2023-10-15 18:45:00,91138.83
2023-10-15 19:00:00,90936.03
2023-10-15 19:15:00,91216.27
2023-10-15 19:30:00,91917.1
2023-10-15 19:45:00,92249.16
2023-10-15 20:00:00,90936.03
2023-10-15 20:15:00,91216.27
2023-10-15 20:30:00,91917.1
2023-10-15 20:45:00,92249.16
2023-10-15 21:00:00,92138.58
2023-10-15 21:15:00,92418.82
2023-10-15 21:30:00,93082.48
2023-10-15 21:45:00,93281.21
2023-10-15 22:00:00,92515.73
2023-10-15 22:15:00,92795.97
2023-10-15 22:30:00,93295.484
2023-10-15 22:45:00,93048.445
2023-10-15 23:00:00,87434.06
2023-10-15 23:15:00,86053.195
2023-10-15 23:30:00,83369.836
2023-10-15 23:45:00,80967.07
2023-10-16 00:00:00,75168.05
2023-10-16 00:15:00,69011.13
2023-10-16 00:30:00,64567.836
2023-10-16 00:45:00,59603.305
2023-10-16 01:00:00,50995.438
2023-10-16 01:15:00,48176.277
2023-10-16 01:30:00,44659.543
2023-10-16 01:45:00,42224.348
2023-10-16 02:00:00,36179.59
2023-10-16 02:15:00,34368.547
2023-10-16 02:30:00,31691.275
2023-10-16 02:45:00,30181.174
2023-10-16 03:00:00,25208.258
2023-10-16 03:15:00,23607.906
2023-10-16 03:30:00,22453.684
2023-10-16 03:45:00,21386.072
2023-10-16 04:00:00,18358.234
2023-10-16 04:15:00,18278.127
2023-10-16 04:30:00,18504.143
2023-10-16 04:45:00,18764.268
2023-10-16 05:00:00,18179.463
2023-10-16 05:15:00,18754.328
2023-10-16 05:30:00,19269.08
2023-10-16 05:45:00,19819.783
2023-10-16 06:00:00,23949.344
2023-10-16 06:15:00,24940.342
2023-10-16 06:30:00,26297.795
2023-10-16 06:45:00,26848.498
2023-10-16 07:00:00,39085.47
2023-10-16 07:15:00,40690.992
2023-10-16 07:30:00,44071.895
2023-10-16 07:45:00,44622.6
2023-10-16 08:00:00,51274.496
2023-10-16 08:15:00,52880.01
2023-10-16 08:30:00,55651.77
2023-10-16 08:45:00,56202.477
2023-10-16 09:00:00,61913.42
2023-10-16 09:15:00,63220.03
2023-10-16 09:30:00,64797.26
2023-10-16 09:45:00,65347.97
2023-10-16 10:00:00,65816.08
2023-10-16 10:15:00,66606.48
2023-10-16 10:30:00,67464.65
2023-10-16 10:45:00,67855.04
2023-10-16 11:00:00,67817.17
2023-10-16 11:15:00,68607.57
2023-10-16 11:30:00,69465.74
2023-10-16 11:45:00,69797.8
2023-10-16 12:00:00,73105.64
2023-10-16 12:15:00,73896.04
2023-10-16 12:30:00,74754.21
2023-10-16 12:45:00,75086.266
2023-10-16 13:00:00,76749.24
2023-10-16 13:15:00,77539.64
2023-10-16 13:30:00,78397.81
2023-10-16 13:45:00,78729.87
2023-10-16 14:00:00,80460.03
2023-10-16 14:15:00,81250.43
2023-10-16 14:30:00,82108.6
2023-10-16 14:45:00,82440.66
2023-10-16 15:00:00,79593.31
2023-10-16 15:15:00,80356.43
2023-10-16 15:30:00,81214.6
2023-10-16 15:45:00,81546.66
2023-10-16 16:00:00,80275.9
2023-10-16 16:15:00,80649.87
2023-10-16 16:30:00,81326.266
2023-10-16 16:45:00,81658.32
2023-10-16 17:00:00,80759.09
2023-10-16 17:15:00,80995.77
2023-10-16 17:30:00,81604.484
2023-10-16 17:45:00,81936.54
2023-10-16 18:00:00,80880.37
2023-10-16 18:15:00,80895.62
2023-10-16 18:30:00,81465.47
2023-10-16 18:45:00,81797.52
2023-10-16 19:00:00,80880.37
2023-10-16 19:15:00,80895.62
2023-10-16 19:30:00,81465.47
2023-10-16 19:45:00,81797.52
2023-10-16 20:00:00,80880.37
2023-10-16 20:15:00,80895.62
2023-10-16 20:30:00,81465.47
2023-10-16 20:45:00,81797.52
2023-10-16 21:00:00,81443.914
2023-10-16 21:15:00,81459.164
2023-10-16 21:30:00,81991.84
2023-10-16 21:45:00,82110.38
2023-10-16 22:00:00,81823.56
2023-10-16 22:15:00,81838.81
2023-10-16 22:30:00,82207.35
2023-10-16 22:45:00,81880.12
2023-10-16 23:00:00,78417.31
2023-10-16 23:15:00,76860.74
2023-10-16 23:30:00,73872.195
2023-10-16 23:45:00,70544.164
2023-10-17 00:00:00,65196.613
2023-10-17 00:15:00,59175.16
2023-10-17 00:30:00,55088.945
2023-10-17 00:45:00,51123.938
2023-10-17 01:00:00,45367.496
2023-10-17 01:15:00,42618.152
2023-10-17 01:30:00,39343.367
2023-10-17 01:45:00,36985.99
2023-10-17 02:00:00,31509.32
2023-10-17 02:15:00,29698.262
2023-10-17 02:30:00,27274.514
2023-10-17 02:45:00,25764.412
2023-10-17 03:00:00,22400.584
2023-10-17 03:15:00,20800.232
2023-10-17 03:30:00,19899.506
2023-10-17 03:45:00,18831.895
2023-10-17 04:00:00,17896.041
2023-10-17 04:15:00,17815.934
2023-10-17 04:30:00,18140.348
2023-10-17 04:45:00,18400.473
2023-10-17 05:00:00,17719.96
2023-10-17 05:15:00,18294.826
2023-10-17 05:30:00,19014.629
2023-10-17 05:45:00,19565.332
2023-10-17 06:00:00,23940.23
2023-10-17 06:15:00,24931.229
2023-10-17 06:30:00,26493.732
2023-10-17 06:45:00,27044.436
2023-10-17 07:00:00,40963.414
2023-10-17 07:15:00,42568.93
2023-10-17 07:30:00,46154.91
2023-10-17 07:45:00,46705.617
2023-10-17 08:00:00,54851.37
2023-10-17 08:15:00,56456.895
2023-10-17 08:30:00,59433.723
2023-10-17 08:45:00,59984.43
2023-10-17 09:00:00,65647.32
2023-10-17 09:15:00,66954.01
2023-10-17 09:30:00,68736.3
2023-10-17 09:45:00,69287.05
2023-10-17 10:00:00,70011.03
2023-10-17 10:15:00,70801.43
2023-10-17 10:30:00,71864.65
2023-10-17 10:45:00,72255.04
2023-10-17 11:00:00,72012.125
2023-10-17 11:15:00,72802.52
2023-10-17 11:30:00,73865.74
2023-10-17 11:45:00,74197.8
2023-10-17 12:00:00,74699.48
2023-10-17 12:15:00,75489.875
2023-10-17 12:30:00,76553.09
2023-10-17 12:45:00,76885.15
2023-10-17 13:00:00,78343.08
2023-10-17 13:15:00,79133.48
2023-10-17 13:30:00,80196.695
2023-10-17 13:45:00,80528.75
2023-10-17 14:00:00,81993.18
2023-10-17 14:15:00,82783.58
2023-10-17 14:30:00,83846.8
2023-10-17 14:45:00,84178.85
2023-10-17 15:00:00,81126.46
2023-10-17 15:15:00,81889.58
2023-10-17 15:30:00,82952.8
2023-10-17 15:45:00,83284.85
2023-10-17 16:00:00,82210.734
2023-10-17 16:15:00,82584.7
2023-10-17 16:30:00,83466.15
2023-10-17 16:45:00,83798.2
2023-10-17 17:00:00,83007.08
2023-10-17 17:15:00,83243.76
2023-10-17 17:30:00,84057.516
2023-10-17 17:45:00,84389.57
2023-10-17 18:00:00,83128.35
2023-10-17 18:15:00,83143.6
2023-10-17 18:30:00,83918.5
2023-10-17 18:45:00,84250.555
2023-10-17 19:00:00,83212.11
2023-10-17 19:15:00,83227.36
2023-10-17 19:30:00,83918.5
2023-10-17 19:45:00,84250.555
2023-10-17 20:00:00,83212.11
2023-10-17 20:15:00,83227.36
2023-10-17 20:30:00,83918.5
2023-10-17 20:45:00,84250.555
2023-10-17 21:00:00,83775.66
2023-10-17 21:15:00,83790.91
2023-10-17 21:30:00,84444.875
2023-10-17 21:45:00,84563.414
2023-10-17 22:00:00,84155.305
2023-10-17 22:15:00,84170.555
2023-10-17 22:30:00,84660.38
2023-10-17 22:45:00,84333.15
2023-10-17 23:00:00,80274.21
2023-10-17 23:15:00,78717.64
2023-10-17 23:30:00,75717.67
2023-10-17 23:45:00,72389.64
2023-10-18 00:00:00,65547.76
2023-10-18 00:15:00,59526.305
2023-10-18 00:30:00,55527.44
2023-10-18 00:45:00,51562.434
2023-10-18 01:00:00,45630.36
2023-10-18 01:15:00,42881.016
2023-10-18 02:45:00,26167.496
2023-10-18 03:00:00,23367.41
2023-10-18 03:15:00,21724.748
2023-10-18 03:30:00,20824.021
2023-10-18 03:45:00,19756.41
2023-10-18 04:00:00,18900.312
2023-10-18 04:15:00,18777.895
2023-10-18 04:30:00,19102.309
2023-10-18 04:45:00,19362.434
2023-10-18 05:00:00,18724.232
2023-10-18 05:15:00,19256.787
2023-10-18 05:30:00,19976.59
2023-10-18 05:45:00,20527.293
2023-10-18 06:00:00,25184.736
2023-10-18 06:15:00,26133.424
2023-10-18 06:30:00,27695.928
2023-10-18 06:45:00,28246.63
2023-10-18 07:00:00,41995.72
2023-10-18 07:15:00,43558.926
2023-10-18 07:30:00,47144.906
2023-10-18 07:45:00,47695.613
2023-10-18 08:00:00,55997.11
2023-10-18 08:15:00,57560.324
2023-10-18 08:30:00,60537.152
2023-10-18 08:45:00,61087.86
2023-10-18 09:00:00,66793.164
2023-10-18 09:15:00,68057.46
2023-10-18 09:30:00,69839.75
2023-10-18 09:45:00,70390.5
2023-10-18 10:00:00,71712.01
2023-10-18 10:15:00,72460.09
2023-10-18 10:30:00,73523.31
2023-10-18 10:45:00,73913.7
2023-10-18 11:00:00,73714.63
2023-10-18 11:15:00,74462.72
2023-10-18 11:30:00,75525.94
2023-10-18 11:45:00,75857.99
2023-10-18 12:00:00,76635.664
2023-10-18 12:15:00,77383.75
2023-10-18 12:30:00,78446.97
2023-10-18 12:45:00,78779.02
2023-10-18 13:00:00,81532.16
2023-10-18 13:15:00,82280.24
2023-10-18 13:30:00,83343.46
2023-10-18 13:45:00,83675.516
2023-10-18 14:00:00,85182.26
2023-10-18 14:15:00,85930.34
2023-10-18 14:30:00,86993.56
2023-10-18 14:45:00,87325.62
2023-10-18 15:00:00,84356.35
2023-10-18 15:15:00,85077.16
2023-10-18 15:30:00,86140.375
2023-10-18 15:45:00,86472.43
2023-10-18 16:00:00,85866.81
2023-10-18 16:15:00,86198.47
2023-10-18 16:30:00,87079.914
2023-10-18 16:45:00,87411.97
2023-10-18 17:00:00,86663.16
2023-10-18 17:15:00,86857.52
2023-10-18 17:30:00,87671.28
2023-10-18 17:45:00,88003.336
2023-10-18 18:00:00,86784.43
2023-10-18 18:15:00,86757.37
2023-10-18 18:30:00,87532.266
2023-10-18 18:45:00,87864.32
2023-10-18 19:00:00,86862.2
2023-10-18 19:15:00,86835.14
2023-10-18 19:30:00,87526.28
2023-10-18 19:45:00,87858.336
2023-10-18 20:00:00,86862.2
2023-10-18 20:15:00,86835.14
2023-10-18 20:30:00,87526.28
2023-10-18 20:45:00,87858.336
2023-10-18 21:00:00,86896.48
2023-10-18 21:15:00,86869.414
2023-10-18 21:30:00,87523.38
2023-10-18 21:45:00,87722.12
2023-10-18 22:00:00,87273.625
2023-10-18 22:15:00,87246.56
2023-10-18 22:30:00,87736.39
2023-10-18 22:45:00,87489.35
2023-10-18 23:00:00,82841.04
2023-10-18 23:15:00,81283.164
2023-10-18 23:30:00,78428.125
2023-10-19 00:00:00,65519.5
2023-10-19 00:15:00,59498.04
2023-10-19 00:30:00,55499.176
2023-10-19 00:45:00,51534.168
2023-10-19 01:00:00,45602.094
2023-10-19 01:15:00,42852.75
2023-10-19 01:30:00,39665.316
2023-10-19 01:45:00,37307.938
2023-10-19 02:00:00,31816.36
2023-10-19 02:15:00,30005.3
2023-10-19 02:30:00,27649.32
2023-10-19 02:45:00,26139.219
2023-10-19 03:00:00,23339.133
2023-10-19 03:15:00,21696.47
2023-10-19 03:30:00,20795.744
2023-10-19 03:45:00,19728.133
2023-10-19 04:00:00,18872.035
2023-10-19 04:15:00,18749.617
2023-10-19 04:30:00,19074.031
2023-10-19 04:45:00,19334.156
2023-10-19 05:00:00,18695.955
2023-10-19 05:15:00,19228.51
2023-10-19 05:30:00,19948.312
2023-10-19 05:45:00,20499.016
2023-10-19 06:00:00,25138.74
2023-10-19 06:15:00,26087.428
2023-10-19 06:30:00,27649.932
2023-10-19 06:45:00,28200.635
2023-10-19 07:00:00,41946.242
2023-10-19 07:15:00,43509.45
2023-10-19 07:30:00,47095.43
2023-10-19 07:45:00,47646.137
2023-10-19 08:00:00,55947.633
2023-10-19 08:15:00,57510.848
2023-10-19 08:30:00,60487.676
2023-10-19 08:45:00,61038.383
2023-10-19 09:00:00,66743.68
2023-10-19 09:15:00,68007.98
2023-10-19 09:30:00,69790.266
2023-10-19 09:45:00,70341.016
2023-10-19 10:00:00,71662.52
2023-10-19 10:15:00,72410.61
2023-10-19 10:30:00,73473.83
2023-10-19 10:45:00,73864.22
2023-10-19 11:00:00,73665.15
2023-10-19 11:15:00,74413.234
2023-10-19 11:30:00,75476.45
2023-10-19 11:45:00,75808.51
2023-10-19 12:00:00,76586.18
2023-10-19 12:15:00,77334.266
2023-10-19 12:30:00,78397.484
2023-10-19 12:45:00,78729.54
2023-10-19 13:00:00,81482.67
2023-10-19 13:15:00,82230.76
2023-10-19 13:30:00,83293.98
2023-10-19 13:45:00,83626.03
2023-10-19 14:00:00,85132.77
2023-10-19 14:15:00,85880.86
2023-10-19 14:30:00,86944.08
2023-10-19 14:45:00,87276.13
2023-10-19 15:00:00,84306.87
2023-10-19 15:15:00,85027.67
2023-10-19 15:30:00,86090.89
2023-10-19 15:45:00,86422.945
2023-10-19 16:00:00,85817.33
2023-10-19 16:15:00,86148.984
2023-10-19 16:30:00,87030.43
2023-10-19 16:45:00,87362.484
2023-10-19 17:00:00,86613.67
2023-10-19 17:15:00,86808.04
2023-10-19 17:30:00,87621.8
2023-10-19 17:45:00,87953.85
2023-10-19 18:00:00,86734.945
2023-10-19 18:15:00,86707.88
2023-10-19 18:30:00,87482.78
2023-10-19 18:45:00,87814.836
2023-10-19 19:00:00,86812.72
2023-10-19 19:15:00,86785.66
2023-10-19 19:30:00,87476.8
2023-10-19 19:45:00,87808.85
2023-10-19 20:00:00,86812.72
2023-10-19 20:15:00,86785.66
2023-10-19 20:30:00,87476.8
2023-10-19 20:45:00,87808.85
2023-10-19 21:00:00,86846.99
2023-10-19 21:15:00,86819.93
2023-10-19 21:30:00,87473.9
2023-10-19 21:45:00,87672.63
2023-10-19 22:00:00,87224.14
2023-10-19 22:15:00,87197.08
2023-10-19 22:30:00,87686.91
2023-10-19 22:45:00,87439.87
2023-10-19 23:00:00,82832.91
2023-10-19 23:15:00,81275.03
2023-10-19 23:30:00,78419.99
2023-10-19 23:45:00,75172.16
2023-10-20 00:00:00,65314.53
2023-10-20 00:15:00,59293.08
2023-10-20 00:30:00,55294.215
2023-10-20 00:45:00,51329.207
2023-10-20 01:00:00,45602.094
2023-10-20 01:15:00,42852.75
2023-10-20 01:30:00,39665.316
2023-10-20 01:45:00,37307.938
2023-10-20 02:00:00,31816.36
2023-10-20 02:15:00,30005.3
2023-10-20 02:30:00,27649.32
2023-10-20 02:45:00,26139.219
2023-10-20 03:00:00,23339.133
2023-10-20 03:15:00,21696.47
2023-10-20 03:30:00,20795.744
2023-10-20 03:45:00,19728.133
2023-10-20 04:00:00,18872.035
2023-10-20 04:15:00,18749.617
2023-10-20 04:30:00,19074.031
2023-10-20 04:45:00,19334.156
2023-10-20 05:00:00,18695.955
2023-10-20 05:15:00,19228.51
2023-10-20 05:30:00,19948.312
2023-10-20 05:45:00,20499.016
2023-10-20 06:00:00,25138.74
2023-10-20 06:15:00,26087.428
2023-10-20 06:30:00,27649.932
2023-10-20 06:45:00,28200.635
2023-10-20 07:00:00,41946.242
2023-10-20 07:15:00,43509.45
2023-10-20 07:30:00,47095.43
2023-10-20 07:45:00,47646.137
2023-10-20 08:00:00,55947.633
2023-10-20 08:15:00,57510.848
2023-10-20 08:30:00,60487.676
2023-10-20 08:45:00,61038.383
2023-10-20 09:00:00,66743.68
2023-10-20 09:15:00,68007.98
2023-10-20 09:30:00,69790.266
2023-10-20 09:45:00,70341.016
2023-10-20 10:00:00,71658.02
2023-10-20 10:15:00,72406.11
2023-10-20 10:30:00,73469.33
2023-10-20 10:45:00,73859.72
2023-10-20 11:00:00,73738.125
2023-10-20 11:15:00,74486.21
2023-10-20 11:30:00,75549.43
2023-10-20 11:45:00,75881.484
2023-10-20 12:00:00,76859.91
2023-10-20 12:15:00,77607.99
2023-10-20 12:30:00,78671.21
2023-10-20 12:45:00,79003.266
2023-10-20 13:00:00,82220.85
2023-10-20 13:15:00,82968.94
2023-10-20 13:30:00,84032.16
2023-10-20 13:45:00,84364.21
2023-10-20 14:00:00,86429.805
2023-10-20 14:15:00,87177.89
2023-10-20 14:30:00,88241.11
2023-10-20 14:45:00,88573.164
2023-10-20 15:00:00,86460.75
2023-10-20 15:15:00,87181.555
2023-10-20 15:30:00,88244.77
2023-10-20 15:45:00,88576.83
2023-10-20 16:00:00,88209.94
2023-10-20 16:15:00,88541.59
2023-10-20 16:30:00,89423.04
2023-10-20 16:45:00,89755.09
2023-10-20 17:00:00,89023.24
2023-10-20 17:15:00,89217.61
2023-10-20 17:30:00,90031.37
2023-10-20 17:45:00,90363.42
2023-10-20 18:00:00,89181.58
2023-10-20 18:15:00,89304.43
2023-10-20 18:30:00,90079.33
2023-10-20 18:45:00,90411.38
2023-10-20 19:00:00,89289.67
2023-10-20 19:15:00,89412.52
2023-10-20 19:30:00,90103.664
2023-10-20 19:45:00,90435.72
2023-10-20 20:00:00,89289.67
2023-10-20 20:15:00,89412.52
2023-10-20 20:30:00,90103.664
2023-10-20 20:45:00,90435.72
2023-10-20 21:00:00,90264.15
2023-10-20 21:15:00,90387.0
2023-10-20 21:30:00,91040.97
2023-10-20 21:45:00,91239.7
2023-10-20 22:00:00,90641.3
2023-10-20 22:15:00,90764.15
2023-10-20 22:30:00,91253.98
2023-10-20 22:45:00,91006.94
2023-10-20 23:00:00,85833.38
2023-10-20 23:15:00,84470.414
2023-10-20 23:30:00,82061.26
2023-10-20 23:45:00,80079.305
2023-10-21 00:00:00,77935.06
2023-10-21 00:15:00,71960.23
2023-10-21 00:30:00,67786.98
2023-10-21 00:45:00,63506.387
2023-10-21 01:00:00,56843.227
2023-10-21 01:15:00,54100.258
2023-10-21 01:30:00,50738.445
2023-10-21 01:45:00,48065.484
2023-10-21 02:00:00,40696.89
2023-10-21 02:15:00,38892.203
2023-10-21 02:30:00,36361.87
2023-10-21 02:45:00,34536.164
2023-10-21 03:00:00,27971.395
2023-10-21 03:15:00,26335.098
2023-10-21 03:30:00,25259.996
2023-10-21 03:45:00,23876.793
2023-10-21 04:00:00,20024.242
2023-10-21 04:15:00,19901.824
2023-10-21 04:30:00,20063.99
2023-10-21 04:45:00,20324.117
2023-10-21 05:00:00,17640.293
2023-10-21 05:15:00,18172.848
2023-10-21 05:30:00,18730.404
2023-10-21 05:45:00,19281.105
2023-10-21 06:00:00,19777.453
2023-10-21 06:15:00,20726.14
2023-10-21 06:30:00,22288.643
2023-10-21 06:45:00,22839.348
2023-10-21 07:00:00,34442.527
2023-10-21 07:15:00,36005.742
2023-10-21 07:30:00,39591.723
2023-10-21 07:45:00,40142.43
2023-10-21 08:00:00,45349.3
2023-10-21 08:15:00,46912.508
2023-10-21 08:30:00,49889.34
2023-10-21 08:45:00,50440.047
2023-10-21 09:00:00,55450.746
2023-10-21 09:15:00,56715.047
2023-10-21 09:30:00,58497.355
2023-10-21 09:45:00,59048.062
2023-10-21 10:00:00,63647.695
2023-10-21 10:15:00,64395.816
2023-10-21 10:30:00,65459.04
2023-10-21 10:45:00,65849.38
2023-10-21 11:00:00,68482.69
2023-10-21 11:15:00,69230.77
2023-10-21 11:30:00,70293.99
2023-10-21 11:45:00,70626.05
2023-10-21 12:00:00,75074.984
2023-10-21 12:15:00,75823.07
2023-10-21 12:30:00,76886.29
2023-10-21 12:45:00,77218.34
2023-10-21 13:00:00,80533.18
2023-10-21 13:15:00,81281.266
2023-10-21 13:30:00,82344.484
2023-10-21 13:45:00,82676.54
2023-10-21 14:00:00,85025.67
2023-10-21 14:15:00,85773.76
2023-10-21 14:30:00,86836.98
2023-10-21 14:45:00,87169.03
2023-10-21 15:00:00,85900.016
2023-10-21 15:15:00,86620.82
2023-10-21 15:30:00,87684.04
2023-10-21 15:45:00,88016.09
2023-10-21 16:00:00,88204.42
2023-10-21 16:15:00,88536.08
2023-10-21 16:30:00,89417.52
2023-10-21 16:45:00,89749.58
2023-10-21 17:00:00,89576.67
2023-10-21 17:15:00,89856.914
2023-10-21 17:30:00,90680.36
2023-10-21 17:45:00,91012.414
2023-10-21 18:00:00,89982.72
2023-10-21 18:15:00,90262.96
2023-10-21 18:30:00,91047.55
2023-10-21 18:45:00,91379.6
2023-10-21 19:00:00,91176.805
2023-10-21 19:15:00,91457.05
2023-10-21 19:30:00,92157.875
2023-10-21 19:45:00,92489.93
2023-10-21 20:00:00,91176.805
2023-10-21 20:15:00,91457.05
2023-10-21 20:30:00,92157.875
2023-10-21 20:45:00,92489.93
2023-10-21 21:00:00,92379.35
2023-10-21 21:15:00,92659.59
2023-10-21 21:30:00,93323.25
2023-10-21 21:45:00,93521.984
2023-10-21 22:00:00,92756.5
2023-10-21 22:15:00,93036.74
2023-10-21 22:30:00,93536.26
2023-10-21 22:45:00,93289.22
2023-10-21 23:00:00,88820.02
2023-10-21 23:15:00,87614.445
2023-10-21 23:30:00,85214.98
2023-10-21 23:45:00,83233.02
2023-10-22 00:00:00,81497.84
2023-10-22 00:15:00,76160.93
2023-10-22 00:30:00,71512.64
2023-10-22 00:45:00,67921.945
2023-10-22 01:00:00,60273.883
2023-10-22 01:15:00,57443.684
2023-10-22 01:30:00,53606.848
2023-10-22 01:45:00,51155.31
2023-10-22 02:00:00,44074.86
2023-10-22 02:15:00,42150.746
2023-10-22 02:30:00,39145.39
2023-10-22 02:45:00,37296.383
2023-10-22 03:00:00,31367.832
2023-10-22 03:15:00,29612.125
2023-10-22 03:30:00,28062.004
2023-10-22 03:45:00,26655.52
2023-10-22 04:00:00,21024.27
2023-10-22 04:15:00,21083.73
2023-10-22 04:30:00,20934.037
2023-10-22 04:45:00,21194.16
2023-10-22 05:00:00,17637.828
2023-10-22 05:15:00,18352.262
2023-10-22 05:30:00,18671.666
2023-10-22 05:45:00,19222.371
2023-10-22 06:00:00,17815.844
2023-10-22 06:15:00,18764.531
2023-10-22 06:30:00,20327.037
2023-10-22 06:45:00,20877.738
2023-10-22 07:00:00,31418.164
2023-10-22 07:15:00,32981.367
2023-10-22 07:30:00,36567.348
2023-10-22 07:45:00,37118.055
2023-10-22 08:00:00,42324.926
2023-10-22 08:15:00,43888.133
2023-10-22 08:30:00,46864.965
2023-10-22 08:45:00,47415.67
2023-10-22 09:00:00,52571.598
2023-10-22 09:15:00,53835.9
2023-10-22 09:30:00,55618.207
2023-10-22 09:45:00,56168.914
2023-10-22 10:00:00,63445.78
2023-10-22 10:15:00,64193.906
2023-10-22 10:30:00,65257.125
2023-10-22 10:45:00,65647.46
2023-10-22 11:00:00,68280.76
2023-10-22 11:15:00,69028.84
2023-10-22 11:30:00,70092.06
2023-10-22 11:45:00,70424.12
2023-10-22 12:00:00,74873.055
2023-10-22 12:15:00,75621.14
2023-10-22 12:30:00,76684.36
2023-10-22 12:45:00,77016.414
2023-10-22 13:00:00,80331.25
2023-10-22 13:15:00,81079.336
2023-10-22 13:30:00,82142.555
2023-10-22 13:45:00,82474.61
2023-10-22 14:00:00,84823.74
2023-10-22 14:15:00,85571.83
2023-10-22 14:30:00,86635.05
2023-10-22 14:45:00,86967.1
2023-10-22 15:00:00,85698.086
2023-10-22 15:15:00,86418.89
2023-10-22 15:30:00,87482.11
2023-10-22 15:45:00,87814.164
2023-10-22 16:00:00,88002.49
2023-10-22 16:15:00,88334.15
2023-10-22 16:30:00,89215.59
2023-10-22 16:45:00,89547.65
2023-10-22 17:00:00,89349.69
2023-10-22 17:15:00,89629.93
2023-10-22 17:30:00,90453.375
2023-10-22 17:45:00,90785.43
2023-10-22 18:00:00,89741.945
2023-10-22 18:15:00,90022.19
2023-10-22 18:30:00,90806.77
2023-10-22 18:45:00,91138.83
2023-10-22 19:00:00,90936.03
2023-10-22 19:15:00,91216.27
2023-10-22 19:30:00,91917.1
2023-10-22 19:45:00,92249.16
2023-10-22 20:00:00,90936.03
2023-10-22 20:15:00,91216.27
2023-10-22 20:30:00,91917.1
2023-10-22 20:45:00,92249.16
2023-10-22 21:00:00,92138.58
2023-10-22 21:15:00,92418.82
2023-10-22 21:30:00,93082.48
2023-10-22 21:45:00,93281.21
2023-10-22 22:00:00,92515.73
2023-10-22 22:15:00,92795.97
2023-10-22 22:30:00,93295.484
2023-10-22 22:45:00,93048.445
2023-10-22 23:00:00,87434.06
2023-10-22 23:15:00,86053.195
2023-10-22 23:30:00,83369.836
2023-10-22 23:45:00,80967.07
2023-10-23 00:00:00,75168.05
2023-10-23 00:15:00,69011.13
2023-10-23 00:30:00,64567.836
2023-10-23 00:45:00,59603.305
2023-10-23 01:00:00,50995.438
2023-10-23 01:15:00,48176.277
2023-10-23 01:30:00,44659.543
2023-10-23 01:45:00,42224.348
2023-10-23 02:00:00,36179.59
2023-10-23 02:15:00,34368.547
2023-10-23 02:30:00,31691.275
2023-10-23 02:45:00,30181.174
2023-10-23 03:00:00,25208.258
2023-10-23 03:15:00,23607.906
2023-10-23 03:30:00,22453.684
2023-10-23 03:45:00,21386.072
2023-10-23 04:00:00,18358.234
2023-10-23 04:15:00,18278.127
2023-10-23 04:30:00,18504.143
2023-10-23 04:45:00,18764.268
2023-10-23 05:00:00,18179.463
2023-10-23 05:15:00,18754.328
2023-10-23 05:30:00,19269.08
2023-10-23 05:45:00,19819.783
2023-10-23 06:00:00,23949.344
2023-10-23 06:15:00,24940.342
2023-10-23 06:30:00,26297.795
2023-10-23 06:45:00,26848.498
2023-10-23 07:00:00,39085.47
2023-10-23 07:15:00,40690.992
2023-10-23 07:30:00,44071.895
2023-10-23 07:45:00,44622.6
2023-10-23 08:00:00,51274.496
2023-10-23 08:15:00,52880.01
2023-10-23 08:30:00,55651.77
2023-10-23 08:45:00,56202.477
2023-10-23 09:00:00,61913.42
2023-10-23 09:15:00,63220.03
2023-10-23 09:30:00,64797.26
2023-10-23 09:45:00,65347.97
2023-10-23 10:00:00,65816.08
2023-10-23 10:15:00,66606.48
2023-10-23 10:30:00,67464.65
2023-10-23 10:45:00,67855.04
2023-10-23 11:00:00,67817.17
2023-10-23 11:15:00,68607.57
2023-10-23 11:30:00,69465.74
2023-10-23 11:45:00,69797.8
2023-10-23 12:00:00,73105.64
2023-10-23 12:15:00,73896.04
2023-10-23 12:30:00,74754.21
2023-10-23 12:45:00,75086.266
2023-10-23 13:00:00,76749.24
2023-10-23 13:15:00,77539.64
2023-10-23 13:30:00,78397.81
2023-10-23 13:45:00,78729.87
2023-10-23 14:00:00,80460.03
2023-10-23 14:15:00,81250.43
2023-10-23 14:30:00,82108.6
2023-10-23 14:45:00,82440.66
2023-10-23 15:00:00,79593.31
2023-10-23 15:15:00,80356.43
2023-10-23 15:30:00,81214.6
2023-10-23 15:45:00,81546.66
2023-10-23 16:00:00,80275.9
2023-10-23 16:15:00,80649.87
2023-10-23 16:30:00,81326.266
2023-10-23 16:45:00,81658.32
2023-10-23 17:00:00,80759.09
2023-10-23 17:15:00,80995.77
2023-10-23 17:30:00,81604.484
2023-10-23 17:45:00,81936.54
2023-10-23 18:00:00,80880.37
2023-10-23 18:15:00,80895.62
2023-10-23 18:30:00,81465.47
2023-10-23 18:45:00,81797.52
2023-10-23 19:00:00,80880.37
2023-10-23 19:15:00,80895.62
2023-10-23 19:30:00,81465.47
2023-10-23 19:45:00,81797.52
2023-10-23 20:00:00,80880.37
2023-10-23 20:15:00,80895.62
2023-10-23 20:30:00,81465.47
2023-10-23 20:45:00,81797.52
2023-10-23 21:00:00,81443.914
2023-10-23 21:15:00,81459.164
2023-10-23 21:30:00,81991.84
2023-10-23 21:45:00,82110.38
2023-10-23 22:00:00,81823.56
2023-10-23 22:15:00,81838.81
2023-10-23 22:30:00,82207.35
2023-10-23 22:45:00,81880.12
2023-10-23 23:00:00,78417.31
2023-10-23 23:15:00,76860.74
2023-10-23 23:30:00,73872.195
2023-10-23 23:45:00,70544.164
2023-10-24 00:00:00,65196.613
2023-10-24 00:15:00,59175.16
2023-10-24 00:30:00,55088.945
2023-10-24 00:45:00,51123.938
2023-10-24 01:00:00,45367.496
2023-10-24 01:15:00,42618.152
2023-10-24 01:30:00,39343.367
2023-10-24 01:45:00,36985.99
2023-10-24 02:00:00,31509.32
2023-10-24 02:15:00,29698.262
2023-10-24 02:30:00,27274.514
2023-10-24 02:45:00,25764.412
2023-10-24 03:00:00,22400.584
2023-10-24 03:15:00,20800.232
2023-10-24 03:30:00,19899.506
2023-10-24 03:45:00,18831.895
2023-10-24 04:00:00,17896.041
2023-10-24 04:15:00,17815.934
2023-10-24 04:30:00,18140.348
2023-10-24 04:45:00,18400.473
2023-10-24 05:00:00,17719.96
2023-10-24 05:15:00,18294.826
2023-10-24 05:30:00,19014.629
2023-10-24 05:45:00,19565.332
2023-10-24 06:00:00,23940.23
2023-10-24 06:15:00,24931.229
2023-10-24 06:30:00,26493.732
2023-10-24 06:45:00,27044.436
2023-10-24 07:00:00,40963.414
2023-10-24 07:15:00,42568.93
2023-10-24 07:30:00,46154.91
2023-10-24 07:45:00,46705.617
2023-10-24 08:00:00,54851.37
2023-10-24 08:15:00,56456.895
2023-10-24 08:30:00,59433.723
2023-10-24 08:45:00,59984.43
2023-10-24 09:00:00,65647.32
2023-10-24 09:15:00,66954.01
2023-10-24 09:30:00,68736.3
2023-10-24 09:45:00,69287.05
2023-10-24 10:00:00,70011.03
2023-10-24 10:15:00,70801.43
2023-10-24 10:30:00,71864.65
2023-10-24 10:45:00,72255.04
2023-10-24 11:00:00,72012.125
2023-10-24 11:15:00,72802.52
2023-10-24 11:30:00,73865.74
2023-10-24 11:45:00,74197.8
2023-10-24 12:00:00,74699.48
2023-10-24 12:15:00,75489.875
2023-10-24 12:30:00,76553.09
2023-10-24 12:45:00,76885.15
2023-10-24 13:00:00,78343.08
2023-10-24 13:15:00,79133.48
2023-10-24 13:30:00,80196.695
2023-10-24 13:45:00,80528.75
2023-10-24 14:00:00,81993.18
2023-10-24 14:15:00,82783.58
2023-10-24 14:30:00,83846.8
2023-10-24 14:45:00,84178.85
2023-10-24 15:00:00,81126.46
2023-10-24 15:15:00,81889.58
2023-10-24 15:30:00,82952.8
2023-10-24 15:45:00,83284.85
2023-10-24 16:00:00,82210.734
2023-10-24 16:15:00,82584.7
2023-10-24 16:30:00,83466.15
2023-10-24 16:45:00,83798.2
2023-10-24 17:00:00,83007.08
2023-10-24 17:15:00,83243.76
2023-10-24 17:30:00,84057.516
2023-10-24 17:45:00,84389.57
2023-10-24 18:00:00,83128.35
2023-10-24 18:15:00,83143.6
2023-10-24 18:30:00,83918.5
2023-10-24 18:45:00,84250.555
2023-10-24 19:00:00,83212.11
2023-10-24 19:15:00,83227.36
2023-10-24 19:30:00,83918.5
2023-10-24 19:45:00,84250.555
2023-10-24 20:00:00,83212.11
2023-10-24 20:15:00,83227.36
2023-10-24 20:30:00,83918.5
2023-10-24 20:45:00,84250.555
2023-10-24 21:00:00,83775.66
2023-10-24 21:15:00,83790.91
2023-10-24 21:30:00,84444.875
2023-10-24 21:45:00,84563.414
2023-10-24 22:00:00,84155.305
2023-10-24 22:15:00,84170.555
2023-10-24 22:30:00,84660.38
2023-10-24 22:45:00,84333.15
2023-10-24 23:00:00,80274.21
2023-10-24 23:15:00,78717.64
2023-10-24 23:30:00,75717.67
2023-10-24 23:45:00,72389.64
2023-10-25 00:00:00,65547.76
2023-10-25 00:15:00,59526.305
2023-10-25 00:30:00,55527.44
2023-10-25 00:45:00,51562.434
2023-10-25 01:00:00,45630.36
2023-10-25 01:15:00,42881.016
2023-10-25 01:30:00,39693.582
2023-10-25 01:45:00,37336.203
2023-10-25 02:00:00,31844.637
2023-10-25 02:15:00,30033.578
2023-10-25 02:30:00,27677.598
2023-10-25 02:45:00,26167.496
2023-10-25 03:00:00,23367.41
2023-10-25 03:15:00,21724.748
2023-10-25 03:30:00,20824.021
2023-10-25 03:45:00,19756.41
2023-10-25 04:00:00,18900.312
2023-10-25 04:15:00,18777.895
2023-10-25 04:30:00,19102.309
2023-10-25 04:45:00,19362.434
2023-10-25 05:00:00,18724.232
2023-10-25 05:15:00,19256.787
2023-10-25 05:30:00,19976.59
2023-10-25 05:45:00,20527.293
2023-10-25 06:00:00,25184.736
2023-10-25 06:15:00,26133.424
2023-10-25 06:30:00,27695.928
2023-10-25 06:45:00,28246.63
2023-10-25 07:00:00,41995.72
2023-10-25 07:15:00,43558.926
2023-10-25 07:30:00,47144.906
2023-10-25 07:45:00,47695.613
2023-10-25 08:00:00,55997.11
2023-10-25 08:15:00,57560.324
2023-10-25 08:30:00,60537.152
2023-10-25 08:45:00,61087.86
2023-10-25 09:00:00,66793.164
2023-10-25 09:15:00,68057.46
2023-10-25 09:30:00,69839.75
2023-10-25 09:45:00,70390.5
2023-10-25 10:00:00,71712.01
2023-10-25 10:15:00,72460.09
2023-10-25 10:30:00,73523.31
2023-10-25 10:45:00,73913.7
2023-10-25 11:00:00,73714.63
2023-10-25 11:15:00,74462.72
2023-10-25 11:30:00,75525.94
2023-10-25 11:45:00,75857.99
2023-10-25 12:00:00,76635.664
2023-10-25 12:15:00,77383.75
2023-10-25 12:30:00,78446.97
2023-10-25 12:45:00,78779.02
2023-10-25 13:00:00,81532.16
2023-10-25 13:15:00,82280.24
2023-10-25 13:30:00,83343.46
2023-10-25 13:45:00,83675.516
2023-10-25 14:00:00,85182.26
2023-10-25 14:15:00,85930.34
2023-10-25 14:30:00,86993.56
2023-10-25 14:45:00,87325.62
2023-10-25 15:00:00,84356.35
2023-10-25 15:15:00,85077.16
2023-10-25 15:30:00,86140.375
2023-10-25 15:45:00,86472.43
2023-10-25 16:00:00,85866.81
2023-10-25 16:15:00,86198.47
2023-10-25 16:30:00,87079.914
2023-10-25 16:45:00,87411.97
2023-10-25 17:00:00,86663.16
2023-10-25 17:15:00,86857.52
2023-10-25 17:30:00,87671.28
2023-10-25 17:45:00,88003.336
2023-10-25 18:00:00,86784.43
2023-10-25 18:15:00,86757.37
2023-10-25 18:30:00,87532.266
2023-10-25 18:45:00,87864.32
2023-10-25 19:00:00,86862.2
2023-10-25 19:15:00,86835.14
2023-10-25 19:30:00,87526.28
2023-10-25 19:45:00,87858.336
2023-10-25 20:00:00,86862.2
2023-10-25 20:15:00,86835.14
2023-10-25 20:30:00,87526.28
2023-10-25 20:45:00,87858.336
2023-10-25 21:00:00,86896.48
2023-10-25 21:15:00,86869.414
2023-10-25 21:30:00,87523.38
2023-10-25 21:45:00,87722.12
2023-10-25 22:00:00,87273.625
2023-10-25 22:15:00,87246.56
2023-10-25 22:30:00,87736.39
2023-10-25 22:45:00,87489.35
2023-10-25 23:00:00,82841.04
2023-10-25 23:15:00,81283.164
2023-10-25 23:30:00,78428.125
2023-10-25 23:45:00,75180.29
2023-10-26 00:00:00,65519.5
2023-10-26 00:15:00,59498.04
2023-10-26 00:30:00,55499.176
2023-10-26 00:45:00,51534.168
2023-10-26 01:00:00,45602.094
2023-10-26 01:15:00,42852.75
2023-10-26 01:30:00,39665.316
2023-10-26 01:45:00,37307.938
2023-10-26 02:00:00,31816.36
2023-10-26 02:15:00,30005.3
2023-10-26 02:30:00,27649.32
2023-10-26 02:45:00,26139.219
2023-10-26 03:00:00,23339.133
2023-10-26 03:15:00,21696.47
2023-10-26 03:30:00,20795.744
2023-10-26 03:45:00,19728.133
2023-10-26 04:00:00,18872.035
2023-10-26 04:15:00,18749.617
2023-10-26 04:30:00,19074.031
2023-10-26 04:45:00,19334.156
2023-10-26 05:00:00,18695.955
2023-10-26 05:15:00,19228.51
2023-10-26 05:30:00,19948.312
2023-10-26 05:45:00,20499.016
2023-10-26 06:00:00,25138.74
2023-10-26 06:15:00,26087.428
2023-10-26 06:30:00,27649.932
2023-10-26 06:45:00,28200.635
2023-10-26 07:00:00,41946.242
2023-10-26 07:15:00,43509.45
2023-10-26 07:30:00,47095.43
2023-10-26 07:45:00,47646.137
2023-10-26 08:00:00,55947.633
2023-10-26 08:15:00,57510.848
2023-10-26 08:30:00,60487.676
2023-10-26 08:45:00,61038.383
2023-10-26 09:00:00,66743.68
2023-10-26 09:15:00,68007.98
2023-10-26 09:30:00,69790.266
2023-10-26 09:45:00,70341.016
2023-10-26 10:00:00,71662.52
2023-10-26 10:15:00,72410.61
2023-10-26 10:30:00,73473.83
2023-10-26 10:45:00,73864.22
2023-10-26 11:00:00,73665.15
2023-10-26 11:15:00,74413.234
2023-10-26 11:30:00,75476.45
2023-10-26 11:45:00,75808.51
2023-10-26 12:00:00,76586.18
2023-10-26 12:15:00,77334.266
2023-10-26 12:30:00,78397.484
2023-10-26 12:45:00,78729.54
2023-10-26 13:00:00,81482.67
2023-10-26 13:15:00,82230.76
2023-10-26 13:30:00,83293.98
2023-10-26 13:45:00,83626.03
2023-10-26 14:00:00,85132.77
2023-10-26 14:15:00,85880.86
2023-10-26 14:30:00,86944.08
2023-10-26 14:45:00,87276.13
2023-10-26 15:00:00,84306.87
2023-10-26 15:15:00,85027.67
2023-10-26 15:30:00,86090.89
2023-10-26 15:45:00,86422.945
2023-10-26 16:00:00,85817.33
2023-10-26 16:15:00,86148.984
2023-10-26 16:30:00,87030.43
2023-10-26 16:45:00,87362.484
2023-10-26 17:00:00,86613.67
2023-10-26 17:15:00,86808.04
2023-10-26 17:30:00,87621.8
2023-10-26 17:45:00,87953.85
2023-10-26 18:00:00,86734.945
2023-10-26 18:15:00,86707.88
2023-10-26 18:30:00,87482.78
2023-10-26 18:45:00,87814.836
2023-10-26 19:00:00,86812.72
2023-10-26 19:15:00,86785.66
2023-10-26 19:30:00,87476.8
2023-10-26 19:45:00,87808.85
2023-10-26 20:00:00,86812.72
2023-10-26 20:15:00,86785.66
2023-10-26 20:30:00,87476.8
2023-10-26 20:45:00,87808.85
2023-10-26 21:00:00,86846.99
2023-10-26 21:15:00,86819.93
2023-10-26 21:30:00,87473.9
2023-10-26 21:45:00,87672.63
2023-10-26 22:00:00,87224.14
2023-10-26 22:15:00,87197.08
2023-10-26 22:30:00,87686.91
2023-10-26 22:45:00,87439.87
2023-10-26 23:00:00,82832.91
2023-10-26 23:15:00,81275.03
2023-10-26 23:30:00,78419.99
2023-10-26 23:45:00,75172.16
2023-10-27 00:00:00,65314.53
2023-10-27 00:15:00,59293.08
2023-10-27 00:30:00,55294.215
2023-10-27 00:45:00,51329.207
2023-10-27 01:00:00,45602.094
2023-10-27 01:15:00,42852.75
2023-10-27 01:30:00,39665.316
2023-10-27 01:45:00,37307.938
2023-10-27 02:00:00,31816.36
2023-10-27 02:15:00,30005.3
2023-10-27 02:30:00,27649.32
2023-10-27 02:45:00,26139.219
2023-10-27 03:00:00,23339.133
2023-10-27 03:15:00,21696.47
2023-10-27 03:30:00,20795.744
2023-10-27 03:45:00,19728.133
2023-10-27 04:00:00,18872.035
2023-10-27 04:15:00,18749.617
2023-10-27 04:30:00,19074.031
2023-10-27 04:45:00,19334.156
2023-10-27 05:00:00,18695.955
2023-10-27 05:15:00,19228.51
2023-10-27 05:30:00,19948.312
2023-10-27 05:45:00,20499.016
2023-10-27 06:00:00,25138.74
2023-10-27 06:15:00,26087.428
2023-10-27 06:30:00,27649.932
2023-10-27 06:45:00,28200.635
2023-10-27 07:00:00,41946.242
2023-10-27 07:15:00,43509.45
2023-10-27 07:30:00,47095.43
2023-10-27 07:45:00,47646.137
2023-10-27 08:00:00,55947.633
2023-10-27 08:15:00,57510.848
2023-10-27 08:30:00,60487.676
2023-10-27 08:45:00,61038.383
2023-10-27 09:00:00,66743.68
2023-10-27 09:15:00,68007.98
2023-10-27 09:30:00,69790.266
2023-10-27 09:45:00,70341.016
2023-10-27 10:00:00,71658.02
2023-10-27 10:15:00,72406.11
2023-10-27 10:30:00,73469.33
2023-10-27 10:45:00,73859.72
2023-10-27 11:00:00,73738.125
2023-10-27 11:15:00,74486.21
2023-10-27 11:30:00,75549.43
2023-10-27 11:45:00,75881.484
2023-10-27 12:00:00,76859.91
2023-10-27 12:15:00,77607.99
2023-10-27 12:30:00,78671.21
2023-10-27 12:45:00,79003.266
2023-10-27 13:00:00,82220.85
2023-10-27 13:15:00,82968.94
2023-10-27 13:30:00,84032.16
2023-10-27 13:45:00,84364.21
2023-10-27 14:00:00,86429.805
2023-10-27 14:15:00,87177.89
2023-10-27 14:30:00,88241.11
2023-10-27 14:45:00,88573.164
2023-10-27 15:00:00,86460.75
2023-10-27 15:15:00,87181.555
2023-10-27 15:30:00,88244.77
2023-10-27 15:45:00,88576.83
2023-10-27 16:00:00,88209.94
2023-10-27 16:15:00,88541.59
2023-10-27 16:30:00,89423.04
2023-10-27 16:45:00,89755.09
2023-10-27 17:00:00,89023.24
2023-10-27 17:15:00,89217.61
2023-10-27 17:30:00,90031.37
2023-10-27 17:45:00,90363.42
2023-10-27 18:00:00,89181.58
2023-10-27 18:15:00,89304.43
2023-10-27 18:30:00,90079.33
2023-10-27 18:45:00,90411.38
2023-10-27 19:00:00,89289.67
2023-10-27 19:15:00,89412.52
2023-10-27 19:30:00,90103.664
2023-10-27 19:45:00,90435.72
2023-10-27 20:00:00,89289.67
2023-10-27 20:15:00,89412.52
2023-10-27 20:30:00,90103.664
2023-10-27 20:45:00,90435.72
2023-10-27 21:00:00,90264.15
2023-10-27 21:15:00,90387.0
2023-10-27 21:30:00,91040.97
2023-10-27 21:45:00,91239.7
2023-10-27 22:00:00,90641.3
2023-10-27 22:15:00,90764.15
2023-10-27 22:30:00,91253.98
2023-10-27 22:45:00,91006.94
2023-10-27 23:00:00,85833.38
2023-10-27 23:15:00,84470.414
2023-10-27 23:30:00,82061.26
2023-10-27 23:45:00,80079.305
2023-10-28 00:00:00,77935.06
2023-10-28 00:15:00,71960.23
2023-10-28 00:30:00,67786.98
2023-10-28 00:45:00,63506.387
2023-10-28 01:00:00,56843.227
2023-10-28 01:15:00,54100.258
2023-10-28 01:30:00,50738.445
2023-10-28 01:45:00,48065.484
2023-10-28 02:00:00,40696.89
2023-10-28 02:15:00,38892.203
2023-10-28 02:30:00,36361.87
2023-10-28 02:45:00,34536.164
2023-10-28 03:00:00,27971.395
2023-10-28 03:15:00,26335.098
2023-10-28 03:30:00,25259.996
2023-10-28 03:45:00,23876.793
2023-10-28 04:00:00,20024.242
2023-10-28 04:15:00,19901.824
2023-10-28 04:30:00,20063.99
2023-10-28 04:45:00,20324.117
2023-10-28 05:00:00,17640.293
2023-10-28 05:15:00,18172.848
2023-10-28 05:30:00,18730.404
2023-10-28 05:45:00,19281.105
2023-10-28 06:00:00,19777.453
2023-10-28 06:15:00,20726.14
2023-10-28 06:30:00,22288.643
2023-10-28 06:45:00,22839.348
2023-10-28 07:00:00,34442.527
2023-10-28 07:15:00,36005.742
2023-10-28 07:30:00,39591.723
2023-10-28 07:45:00,40142.43
2023-10-28 08:00:00,45349.3
2023-10-28 08:15:00,46912.508
2023-10-28 08:30:00,49889.34
2023-10-28 08:45:00,50440.047
2023-10-28 09:00:00,55450.746
2023-10-28 09:15:00,56715.047
2023-10-28 09:30:00,58497.355
2023-10-28 09:45:00,59048.062
2023-10-28 10:00:00,63647.695
2023-10-28 10:15:00,64395.816
2023-10-28 10:30:00,65459.04
2023-10-28 10:45:00,65849.38
2023-10-28 11:00:00,68482.69
2023-10-28 11:15:00,69230.77
2023-10-28 11:30:00,70293.99
2023-10-28 11:45:00,70626.05
2023-10-28 12:00:00,75074.984
2023-10-28 12:15:00,75823.07
2023-10-28 12:30:00,76886.29
2023-10-28 12:45:00,77218.34
2023-10-28 13:00:00,80533.18
2023-10-28 13:15:00,81281.266
2023-10-28 13:30:00,82344.484
2023-10-28 13:45:00,82676.54
2023-10-28 14:00:00,85025.67
2023-10-28 14:15:00,85773.76
2023-10-28 14:30:00,86836.98
2023-10-28 14:45:00,87169.03
2023-10-28 15:00:00,85900.016
2023-10-28 15:15:00,86620.82
2023-10-28 15:30:00,87684.04
2023-10-28 15:45:00,88016.09
2023-10-28 16:00:00,88204.42
2023-10-28 16:15:00,88536.08
2023-10-28 16:30:00,89417.52
2023-10-28 16:45:00,89749.58
2023-10-28 17:00:00,89576.67
2023-10-28 17:15:00,89856.914
2023-10-28 17:30:00,90680.36
2023-10-28 17:45:00,91012.414
2023-10-28 18:00:00,89982.72
2023-10-28 18:15:00,90262.96
2023-10-28 18:30:00,91047.55
2023-10-28 18:45:00,91379.6
2023-10-28 19:00:00,91176.805
2023-10-28 19:15:00,91457.05
2023-10-28 19:30:00,92157.875
2023-10-28 19:45:00,92489.93
2023-10-28 20:00:00,91176.805
2023-10-28 20:15:00,91457.05
2023-10-28 20:30:00,92157.875
2023-10-28 20:45:00,92489.93
2023-10-28 21:00:00,92379.35
2023-10-28 21:15:00,92659.59
2023-10-28 21:30:00,93323.25
2023-10-28 21:45:00,93521.984
2023-10-28 22:00:00,92756.5
2023-10-28 22:15:00,93036.74
2023-10-28 22:30:00,93536.26
2023-10-28 22:45:00,93289.22
2023-10-28 23:00:00,88820.02
2023-10-28 23:15:00,87614.445
2023-10-28 23:30:00,85214.98
2023-10-28 23:45:00,83233.02
2023-10-29 00:00:00,81497.84
2023-10-29 00:15:00,76160.93
2023-10-29 00:30:00,71512.64
2023-10-29 00:45:00,67921.945
2023-10-29 01:00:00,60273.883
2023-10-29 01:15:00,57443.684
2023-10-29 01:30:00,53606.848
2023-10-29 01:45:00,51155.31
2023-10-29 02:15:00,42150.746
2023-10-29 02:30:00,39145.39
2023-10-29 02:45:00,37296.383
2023-10-29 03:00:00,31367.832
2023-10-29 03:15:00,29612.125
2023-10-29 03:30:00,28062.004
2023-10-29 03:45:00,26655.52
2023-10-29 04:00:00,21024.27
2023-10-29 04:15:00,21083.73
2023-10-29 04:30:00,20934.037
2023-10-29 04:45:00,21194.16
2023-10-29 05:00:00,17637.828
2023-10-29 05:15:00,18352.262
2023-10-29 05:30:00,18671.666
2023-10-29 05:45:00,19222.371
2023-10-29 06:00:00,17815.844
2023-10-29 06:15:00,18764.531
2023-10-29 06:30:00,20327.037
2023-10-29 06:45:00,20877.738
2023-10-29 07:00:00,31418.164
2023-10-29 07:15:00,32981.367
2023-10-29 07:30:00,36567.348
2023-10-29 07:45:00,37118.055
2023-10-29 08:00:00,42324.926
2023-10-29 08:15:00,43888.133
2023-10-29 08:30:00,46864.965
2023-10-29 08:45:00,47415.67
2023-10-29 09:00:00,52571.598
2023-10-29 09:15:00,53835.9
2023-10-29 09:30:00,55618.207
2023-10-29 09:45:00,56168.914
2023-10-29 10:00:00,63445.78
2023-10-29 10:15:00,64193.906
2023-10-29 10:30:00,65257.125
2023-10-29 10:45:00,65647.46
2023-10-29 11:00:00,68280.76
2023-10-29 11:15:00,69028.84
2023-10-29 11:30:00,70092.06
2023-10-29 11:45:00,70424.12
2023-10-29 12:00:00,74873.055
2023-10-29 12:15:00,75621.14
2023-10-29 12:30:00,76684.36
2023-10-29 12:45:00,77016.414
2023-10-29 13:00:00,80331.25
2023-10-29 13:15:00,81079.336
2023-10-29 13:30:00,82142.555
2023-10-29 13:45:00,82474.61
2023-10-29 14:00:00,84823.74
2023-10-29 14:15:00,85571.83
2023-10-29 14:30:00,86635.05
2023-10-29 14:45:00,86967.1
2023-10-29 15:00:00,85698.086
2023-10-29 15:15:00,86418.89
2023-10-29 15:30:00,87482.11
2023-10-29 15:45:00,87814.164
2023-10-29 16:00:00,88002.49
2023-10-29 16:15:00,88334.15
2023-10-29 16:30:00,89215.59
2023-10-29 16:45:00,89547.65
2023-10-29 17:00:00,89349.69
2023-10-29 17:15:00,89629.93
2023-10-29 17:30:00,90453.375
2023-10-29 17:45:00,90785.43
2023-10-29 18:00:00,89741.945
2023-10-29 18:15:00,90022.19
2023-10-29 18:30:00,90806.77
2023-10-29 18:45:00,91138.83
2023-10-29 19:00:00,90936.03
2023-10-29 19:15:00,91216.27
2023-10-29 19:30:00,91917.1
2023-10-29 19:45:00,92249.16
2023-10-29 20:00:00,90936.03
2023-10-29 20:15:00,91216.27
2023-10-29 20:30:00,91917.1
2023-10-29 20:45:00,92249.16
2023-10-29 21:00:00,92138.58
2023-10-29 21:15:00,92418.82
2023-10-29 21:30:00,93082.48
2023-10-29 21:45:00,93281.21
2023-10-29 22:00:00,92515.73
2023-10-29 22:15:00,92795.97
2023-10-29 22:30:00,93295.484
2023-10-29 22:45:00,93048.445
2023-10-29 23:00:00,87434.06
2023-10-29 23:15:00,86053.195
2023-10-29 23:30:00,83369.836
2023-10-29 23:45:00,80967.07
2023-10-30 00:00:00,75168.05
2023-10-30 00:15:00,69011.13
2023-10-30 00:30:00,64567.836
2023-10-30 00:45:00,59603.305
2023-10-30 01:00:00,50995.438
2023-10-30 01:15:00,48176.277
2023-10-30 01:30:00,44659.543
2023-10-30 01:45:00,42224.348
2023-10-30 02:00:00,36179.59
2023-10-30 02:15:00,34368.547
2023-10-30 02:30:00,31691.275
2023-10-30 02:45:00,30181.174
2023-10-30 03:00:00,25208.258
2023-10-30 03:15:00,23607.906
2023-10-30 03:30:00,22453.684
2023-10-30 03:45:00,21386.072
2023-10-30 04:00:00,18358.234
2023-10-30 04:15:00,18278.127
2023-10-30 04:30:00,18504.143
2023-10-30 04:45:00,18764.268
2023-10-30 05:00:00,18179.463
2023-10-30 05:15:00,18754.328
2023-10-30 05:30:00,19269.08
2023-10-30 05:45:00,19819.783
2023-10-30 06:00:00,23949.344
2023-10-30 06:15:00,24940.342
2023-10-30 06:30:00,26297.795
2023-10-30 06:45:00,26848.498
2023-10-30 07:00:00,39085.47
2023-10-30 07:15:00,40690.992
2023-10-30 07:30:00,44071.895
2023-10-30 07:45:00,44622.6
2023-10-30 08:00:00,51274.496
2023-10-30 08:15:00,52880.01
2023-10-30 08:30:00,55651.77
2023-10-30 08:45:00,56202.477
2023-10-30 09:00:00,61913.42
2023-10-30 09:15:00,63220.03
2023-10-30 09:30:00,64797.26
2023-10-30 09:45:00,65347.97
2023-10-30 10:00:00,65816.08
2023-10-30 10:15:00,66606.48
2023-10-30 10:30:00,67464.65
2023-10-30 10:45:00,67855.04
2023-10-30 11:00:00,67817.17
2023-10-30 11:15:00,68607.57
2023-10-30 11:30:00,69465.74
2023-10-30 11:45:00,69797.8
2023-10-30 12:00:00,73105.64
2023-10-30 12:15:00,73896.04
2023-10-30 12:30:00,74754.21
2023-10-30 12:45:00,75086.266
2023-10-30 13:00:00,76749.24
2023-10-30 13:15:00,77539.64
2023-10-30 13:30:00,78397.81
2023-10-30 13:45:00,78729.87
2023-10-30 14:00:00,80460.03
2023-10-30 14:15:00,81250.43
2023-10-30 14:30:00,82108.6
2023-10-30 14:45:00,82440.66
2023-10-30 15:00:00,79593.31
2023-10-30 15:15:00,80356.43
2023-10-30 15:30:00,81214.6
2023-10-30 15:45:00,81546.66
2023-10-30 16:00:00,80275.9
2023-10-30 16:15:00,80649.87
2023-10-30 16:30:00,81326.266
2023-10-30 16:45:00,81658.32
2023-10-30 17:00:00,80759.09
2023-10-30 17:15:00,80995.77
2023-10-30 17:30:00,81604.484
2023-10-30 17:45:00,81936.54
2023-10-30 18:00:00,80880.37
2023-10-30 18:15:00,80895.62
2023-10-30 18:30:00,81465.47
2023-10-30 18:45:00,81797.52
2023-10-30 19:00:00,80880.37
2023-10-30 19:15:00,80895.62
2023-10-30 19:30:00,81465.47
2023-10-30 19:45:00,81797.52
2023-10-30 20:00:00,80880.37
2023-10-30 20:15:00,80895.62
2023-10-30 20:30:00,81465.47
2023-10-30 20:45:00,81797.52
2023-10-30 21:00:00,81443.914
2023-10-30 21:15:00,81459.164
2023-10-30 21:30:00,81991.84
2023-10-30 21:45:00,82110.38
2023-10-30 22:00:00,81823.56
2023-10-30 22:15:00,81838.81
2023-10-30 22:30:00,82207.35
2023-10-30 22:45:00,81880.12
2023-10-30 23:00:00,78417.31
2023-10-30 23:15:00,76860.74
2023-10-30 23:30:00,73872.195
2023-10-30 23:45:00,70544.164
2023-10-31 00:00:00,65196.613
2023-10-31 00:15:00,59175.16
2023-10-31 00:30:00,55088.945
2023-10-31 00:45:00,51123.938
2023-10-31 01:00:00,45367.496
2023-10-31 01:15:00,42618.152
2023-10-31 01:30:00,39343.367
2023-10-31 01:45:00,36985.99
2023-10-31 02:00:00,31509.32
2023-10-31 02:15:00,29698.262
2023-10-31 02:30:00,27274.514
2023-10-31 02:45:00,25764.412
2023-10-31 03:00:00,22400.584
2023-10-31 03:15:00,20800.232
2023-10-31 03:30:00,19899.506
2023-10-31 03:45:00,18831.895
2023-10-31 04:00:00,17896.041
2023-10-31 04:15:00,17815.934
2023-10-31 04:30:00,18140.348
2023-10-31 04:45:00,18400.473
2023-10-31 05:00:00,17719.96
2023-10-31 05:15:00,18294.826
2023-10-31 05:30:00,19014.629
2023-10-31 05:45:00,19565.332
2023-10-31 06:00:00,23940.23
2023-10-31 06:15:00,24931.229
2023-10-31 06:30:00,26493.732
2023-10-31 06:45:00,27044.436
2023-10-31 07:00:00,40963.414
2023-10-31 07:15:00,42568.93
2023-10-31 07:30:00,46154.91
2023-10-31 07:45:00,46705.617
2023-10-31 08:00:00,54851.37
2023-10-31 08:15:00,56456.895
2023-10-31 08:30:00,59433.723
2023-10-31 08:45:00,59984.43
2023-10-31 09:00:00,65647.32
2023-10-31 09:15:00,66954.01
2023-10-31 09:30:00,68736.3
2023-10-31 09:45:00,69287.05
2023-10-31 10:00:00,70011.03
2023-10-31 10:15:00,70801.43
2023-10-31 10:30:00,71864.65
2023-10-31 10:45:00,72255.04
2023-10-31 11:00:00,72012.125
2023-10-31 11:15:00,72802.52
2023-10-31 11:30:00,73865.74
2023-10-31 11:45:00,74197.8
2023-10-31 12:00:00,74699.48
2023-10-31 12:15:00,75489.875
2023-10-31 12:30:00,76553.09
2023-10-31 12:45:00,76885.15
2023-10-31 13:00:00,78343.08
2023-10-31 13:15:00,79133.48
2023-10-31 13:30:00,80196.695
2023-10-31 13:45:00,80528.75
2023-10-31 14:00:00,81993.18
2023-10-31 14:15:00,82783.58
2023-10-31 14:30:00,83846.8
2023-10-31 14:45:00,84178.85
2023-10-31 15:00:00,81126.46
2023-10-31 15:15:00,81889.58
2023-10-31 15:30:00,82952.8
2023-10-31 15:45:00,83284.85
2023-10-31 16:00:00,82210.734
2023-10-31 16:15:00,82584.7
2023-10-31 16:30:00,83466.15
2023-10-31 16:45:00,83798.2
2023-10-31 17:00:00,83007.08
2023-10-31 17:15:00,83243.76
2023-10-31 17:30:00,84057.516
2023-10-31 17:45:00,84389.57
2023-10-31 18:00:00,83128.35
2023-10-31 18:15:00,83143.6
2023-10-31 18:30:00,83918.5
2023-10-31 18:45:00,84250.555
2023-10-31 19:00:00,83212.11
2023-10-31 19:15:00,83227.36
2023-10-31 19:30:00,83918.5
2023-10-31 19:45:00,84250.555
2023-10-31 20:00:00,83212.11
2023-10-31 20:15:00,83227.36
2023-10-31 20:30:00,83918.5
2023-10-31 20:45:00,84250.555
2023-10-31 21:00:00,83775.66
2023-10-31 21:15:00,83790.91
2023-10-31 21:30:00,84444.875
2023-10-31 21:45:00,84563.414
2023-10-31 22:00:00,84155.305
2023-10-31 22:15:00,84170.555
2023-10-31 22:30:00,84660.38
2023-10-31 22:45:00,84333.15
2023-10-31 23:00:00,80274.21
2023-10-31 23:15:00,78717.64
2023-10-31 23:30:00,75717.67
2023-10-31 23:45:00,72389.64
2023-11-01 00:00:00,65547.76
