ds,y_XGBoost_lag15
2023-10-02 00:15:00,61968.312
2023-10-02 00:30:00,58941.473
2023-10-02 00:45:00,50239.105
2023-10-02 01:00:00,47616.375
2023-10-02 01:15:00,41118.62
2023-10-02 01:30:00,37202.594
2023-10-02 01:45:00,34393.652
2023-10-02 02:00:00,31164.225
2023-10-02 02:15:00,28229.701
2023-10-02 02:30:00,25329.29
2023-10-02 02:45:00,23852.525
2023-10-02 03:00:00,21901.652
2023-10-02 03:15:00,20675.984
2023-10-02 03:30:00,19314.95
2023-10-02 03:45:00,18874.61
2023-10-02 04:00:00,18874.61
2023-10-02 04:15:00,18874.61
2023-10-02 04:30:00,18874.61
2023-10-02 04:45:00,18874.61
2023-10-02 05:00:00,18874.61
2023-10-02 05:15:00,18874.61
2023-10-02 05:30:00,18874.61
2023-10-02 05:45:00,19314.95
2023-10-02 06:00:00,21248.248
2023-10-02 06:15:00,22416.912
2023-10-02 06:30:00,25320.791
2023-10-02 06:45:00,31987.809
2023-10-02 07:00:00,38241.664
2023-10-02 07:15:00,46019.938
2023-10-02 07:30:00,52474.086
2023-10-02 07:45:00,58326.367
2023-10-02 08:00:00,63942.277
2023-10-02 08:15:00,62721.83
2023-10-02 08:30:00,63241.44
2023-10-02 08:45:00,64168.473
2023-10-02 09:00:00,67680.266
2023-10-02 09:15:00,68542.5
2023-10-02 09:30:00,68542.5
2023-10-02 09:45:00,68542.5
2023-10-02 10:00:00,70284.74
2023-10-02 10:15:00,72022.55
2023-10-02 10:30:00,70284.74
2023-10-02 10:45:00,70284.74
2023-10-02 11:00:00,70310.74
2023-10-02 11:15:00,72578.945
2023-10-02 11:30:00,75555.4
2023-10-02 11:45:00,74250.88
2023-10-02 12:00:00,73328.74
2023-10-02 12:15:00,74646.484
2023-10-02 12:30:00,76252.76
2023-10-02 12:45:00,76252.76
2023-10-02 13:00:00,75980.26
2023-10-02 13:15:00,78817.66
2023-10-02 13:30:00,80929.59
2023-10-02 13:45:00,84932.91
2023-10-02 14:00:00,84415.836
2023-10-02 14:15:00,86490.52
2023-10-02 14:30:00,88796.734
2023-10-02 14:45:00,89493.35
2023-10-02 15:00:00,89419.766
2023-10-02 15:15:00,86444.516
2023-10-02 15:30:00,84203.89
2023-10-02 15:45:00,83594.3
2023-10-02 16:00:00,83283.46
2023-10-02 16:15:00,82254.48
2023-10-02 16:30:00,83594.3
2023-10-02 16:45:00,82254.48
2023-10-02 17:00:00,83594.3
2023-10-02 17:15:00,85328.766
2023-10-02 17:30:00,86444.516
2023-10-02 17:45:00,86444.516
2023-10-02 18:00:00,86444.516
2023-10-02 18:15:00,87056.08
2023-10-02 18:30:00,87056.08
2023-10-02 18:45:00,87056.08
2023-10-02 19:00:00,86954.92
2023-10-02 19:15:00,86444.516
2023-10-02 19:30:00,85399.6
2023-10-02 19:45:00,85399.6
2023-10-02 20:00:00,84870.57
2023-10-02 20:15:00,85304.73
2023-10-02 20:30:00,84166.76
2023-10-02 20:45:00,84234.055
2023-10-02 21:00:00,85304.73
2023-10-02 21:15:00,86030.37
2023-10-02 21:30:00,87056.08
2023-10-02 21:45:00,86772.586
2023-10-02 22:00:00,88520.484
2023-10-02 22:15:00,88277.766
2023-10-02 22:30:00,87877.89
2023-10-02 22:45:00,87056.08
2023-10-02 23:00:00,84184.73
2023-10-02 23:15:00,81546.586
2023-10-02 23:30:00,78677.75
2023-10-02 23:45:00,75587.766
2023-10-03 00:00:00,66314.125
2023-10-03 00:15:00,61257.918
2023-10-03 00:30:00,56247.906
2023-10-03 00:45:00,47826.94
2023-10-03 01:00:00,44128.215
2023-10-03 01:15:00,40041.72
2023-10-03 01:30:00,35570.914
2023-10-03 01:45:00,33160.266
2023-10-03 02:00:00,29562.13
2023-10-03 02:15:00,27191.621
2023-10-03 02:30:00,25166.088
2023-10-03 02:45:00,23650.133
2023-10-03 03:00:00,21449.215
2023-10-03 03:15:00,20326.332
2023-10-03 03:30:00,19660.307
2023-10-03 03:45:00,18874.61
2023-10-03 04:00:00,18874.61
2023-10-03 04:15:00,18874.61
2023-10-03 04:30:00,18874.61
2023-10-03 04:45:00,18874.61
2023-10-03 05:00:00,18874.61
2023-10-03 05:15:00,18874.61
2023-10-03 05:30:00,18874.61
2023-10-03 05:45:00,19314.95
2023-10-03 06:00:00,21783.674
2023-10-03 06:15:00,22883.334
2023-10-03 06:30:00,26578.025
2023-10-03 06:45:00,31995.45
2023-10-03 07:00:00,39578.36
2023-10-03 07:15:00,46382.508
2023-10-03 07:30:00,53755.47
2023-10-03 07:45:00,61471.227
2023-10-03 08:00:00,64537.7
2023-10-03 08:15:00,63261.887
2023-10-03 08:30:00,63826.285
2023-10-03 08:45:00,64586.754
2023-10-03 09:00:00,68029.74
2023-10-03 09:15:00,68562.95
2023-10-03 09:30:00,70305.195
2023-10-03 09:45:00,70305.195
2023-10-03 10:00:00,70305.195
2023-10-03 10:15:00,72043.0
2023-10-03 10:30:00,70305.195
2023-10-03 10:45:00,70305.195
2023-10-03 11:00:00,68588.95
2023-10-03 11:15:00,70331.195
2023-10-03 11:30:00,73331.65
2023-10-03 11:45:00,70331.195
2023-10-03 12:00:00,70348.74
2023-10-03 12:15:00,73349.195
2023-10-03 12:30:00,74102.89
2023-10-03 12:45:00,74666.94
2023-10-03 13:00:00,74666.94
2023-10-03 13:15:00,77546.47
2023-10-03 13:30:00,80932.695
2023-10-03 13:45:00,83627.14
2023-10-03 14:00:00,84236.734
2023-10-03 14:15:00,86084.016
2023-10-03 14:30:00,88661.836
2023-10-03 14:45:00,89459.945
2023-10-03 15:00:00,89419.766
2023-10-03 15:15:00,86838.266
2023-10-03 15:30:00,84919.15
2023-10-03 15:45:00,84278.83
2023-10-03 16:00:00,83601.94
2023-10-03 16:15:00,83601.94
2023-10-03 16:30:00,84278.83
2023-10-03 16:45:00,83601.94
2023-10-03 17:00:00,84919.15
2023-10-03 17:15:00,85422.52
2023-10-03 17:30:00,86962.56
2023-10-03 17:45:00,86974.26
2023-10-03 18:00:00,87063.72
2023-10-03 18:15:00,86780.23
2023-10-03 18:30:00,87885.53
2023-10-03 18:45:00,87063.72
2023-10-03 19:00:00,87063.72
2023-10-03 19:15:00,87063.72
2023-10-03 19:30:00,87063.72
2023-10-03 19:45:00,86452.16
2023-10-03 20:00:00,86038.01
2023-10-03 20:15:00,86452.16
2023-10-03 20:30:00,86452.16
2023-10-03 20:45:00,85422.52
2023-10-03 21:00:00,86452.16
2023-10-03 21:15:00,90203.92
2023-10-03 21:30:00,91720.08
2023-10-03 21:45:00,93090.836
2023-10-03 22:00:00,90773.164
2023-10-03 22:15:00,90773.164
2023-10-03 22:30:00,90773.164
2023-10-03 22:45:00,91720.08
2023-10-03 23:00:00,88399.2
2023-10-03 23:15:00,81155.87
2023-10-03 23:30:00,78661.36
2023-10-03 23:45:00,75504.055
2023-10-04 00:00:00,66314.125
2023-10-04 00:15:00,61257.918
2023-10-04 00:30:00,56247.906
2023-10-04 00:45:00,47826.94
2023-10-04 01:00:00,44128.215
2023-10-04 01:15:00,40041.72
2023-10-04 01:30:00,35570.914
2023-10-04 01:45:00,33160.266
2023-10-04 02:00:00,29562.13
2023-10-04 02:15:00,27191.621
2023-10-04 02:30:00,25329.29
2023-10-04 02:45:00,23852.525
2023-10-04 03:00:00,21901.652
2023-10-04 03:15:00,20675.984
2023-10-04 03:30:00,19660.307
2023-10-04 03:45:00,19053.375
2023-10-04 04:00:00,18874.61
2023-10-04 04:15:00,18874.61
2023-10-04 04:30:00,18874.61
2023-10-04 04:45:00,18874.61
2023-10-04 05:00:00,18874.61
2023-10-04 05:15:00,18874.61
2023-10-04 05:30:00,18874.61
2023-10-04 05:45:00,19660.307
2023-10-04 06:00:00,22424.553
2023-10-04 06:15:00,23066.215
2023-10-04 06:30:00,27209.07
2023-10-04 06:45:00,33132.535
2023-10-04 07:00:00,40417.113
2023-10-04 07:15:00,46382.508
2023-10-04 07:30:00,53755.47
2023-10-04 07:45:00,61471.227
2023-10-04 08:00:00,64537.7
2023-10-04 08:15:00,63261.887
2023-10-04 08:30:00,63813.17
2023-10-04 08:45:00,64586.754
2023-10-04 09:00:00,68562.95
2023-10-04 09:15:00,68562.95
2023-10-04 09:30:00,70305.195
2023-10-04 09:45:00,70305.195
2023-10-04 10:00:00,72239.49
2023-10-04 10:15:00,72239.49
2023-10-04 10:30:00,72043.0
2023-10-04 10:45:00,70305.195
2023-10-04 11:00:00,70331.195
2023-10-04 11:15:00,72599.4
2023-10-04 11:30:00,74271.336
2023-10-04 11:45:00,72384.625
2023-10-04 12:00:00,72086.55
2023-10-04 12:15:00,73349.195
2023-10-04 12:30:00,74666.94
2023-10-04 12:45:00,75593.4
2023-10-04 13:00:00,76000.71
2023-10-04 13:15:00,77546.47
2023-10-04 13:30:00,80937.234
2023-10-04 13:45:00,84236.734
2023-10-04 14:00:00,84304.03
2023-10-04 14:15:00,86084.016
2023-10-04 14:30:00,88721.08
2023-10-04 14:45:00,89493.35
2023-10-04 15:00:00,89762.4
2023-10-04 15:15:00,86452.16
2023-10-04 15:30:00,85336.41
2023-10-04 15:45:00,84211.53
2023-10-04 16:00:00,83601.94
2023-10-04 16:15:00,81487.164
2023-10-04 16:30:00,82150.29
2023-10-04 16:45:00,80912.03
2023-10-04 17:00:00,82262.12
2023-10-04 17:15:00,80252.2
2023-10-04 17:30:00,80912.03
2023-10-04 17:45:00,82262.12
2023-10-04 18:00:00,83291.1
2023-10-04 18:15:00,83601.94
2023-10-04 18:30:00,84278.83
2023-10-04 18:45:00,84278.83
2023-10-04 19:00:00,84895.11
2023-10-04 19:15:00,85312.37
2023-10-04 19:30:00,84895.11
2023-10-04 19:45:00,83564.805
2023-10-04 20:00:00,83166.445
2023-10-04 20:15:00,84241.695
2023-10-04 20:30:00,83564.805
2023-10-04 20:45:00,84895.11
2023-10-04 21:00:00,84241.695
2023-10-04 21:15:00,90203.92
2023-10-04 21:30:00,91720.08
2023-10-04 21:45:00,93090.836
2023-10-04 22:00:00,88730.79
2023-10-04 22:15:00,88730.79
2023-10-04 22:30:00,90773.164
2023-10-04 22:45:00,90773.164
2023-10-04 23:00:00,86889.945
2023-10-04 23:15:00,78685.39
2023-10-04 23:30:00,76477.89
2023-10-04 23:45:00,72848.08
2023-10-05 00:00:00,62023.9
2023-10-05 00:15:00,60397.723
2023-10-05 00:30:00,56247.906
2023-10-05 00:45:00,47826.94
2023-10-05 01:00:00,44128.215
2023-10-05 01:15:00,40041.72
2023-10-05 01:30:00,40041.72
2023-10-05 01:45:00,35570.914
2023-10-05 02:00:00,31189.598
2023-10-05 02:15:00,29562.13
2023-10-05 02:30:00,25538.467
2023-10-05 02:45:00,24047.557
2023-10-05 03:00:00,21917.043
2023-10-05 03:15:00,20675.984
2023-10-05 03:30:00,19660.307
2023-10-05 03:45:00,19053.375
2023-10-05 04:00:00,18874.61
2023-10-05 04:15:00,18874.61
2023-10-05 04:30:00,18874.61
2023-10-05 04:45:00,18874.61
2023-10-05 05:00:00,18874.61
2023-10-05 05:15:00,18874.61
2023-10-05 05:30:00,18874.61
2023-10-05 05:45:00,19314.95
2023-10-05 06:00:00,21445.031
2023-10-05 06:15:00,22883.334
2023-10-05 06:30:00,26578.025
2023-10-05 06:45:00,31995.45
2023-10-05 07:00:00,39578.36
2023-10-05 07:15:00,46040.383
2023-10-05 07:30:00,52494.53
2023-10-05 07:45:00,61471.227
2023-10-05 08:00:00,64139.863
2023-10-05 08:15:00,62742.273
2023-10-05 08:30:00,63261.887
2023-10-05 08:45:00,64188.918
2023-10-05 09:00:00,67794.15
2023-10-05 09:15:00,68562.95
2023-10-05 09:30:00,68562.95
2023-10-05 09:45:00,68562.95
2023-10-05 10:00:00,68562.95
2023-10-05 10:15:00,70305.195
2023-10-05 10:30:00,68562.95
2023-10-05 10:45:00,68562.95
2023-10-05 11:00:00,68588.95
2023-10-05 11:15:00,72069.0
2023-10-05 11:30:00,73331.65
2023-10-05 11:45:00,70331.195
2023-10-05 12:00:00,70348.74
2023-10-05 12:15:00,70348.74
2023-10-05 12:30:00,73349.195
2023-10-05 12:45:00,73349.195
2023-10-05 13:00:00,73349.195
2023-10-05 13:15:00,76000.71
2023-10-05 13:30:00,78825.3
2023-10-05 13:45:00,81512.37
2023-10-05 14:00:00,82175.49
2023-10-05 14:15:00,84236.734
2023-10-05 14:30:00,87109.73
2023-10-05 14:45:00,88804.375
2023-10-05 15:00:00,88730.79
2023-10-05 15:15:00,85336.41
2023-10-05 15:30:00,83291.1
2023-10-05 15:45:00,82262.12
2023-10-05 16:00:00,82406.25
2023-10-05 16:15:00,81487.164
2023-10-05 16:30:00,82262.12
2023-10-05 16:45:00,80912.03
2023-10-05 17:00:00,82262.12
2023-10-05 17:15:00,83601.94
2023-10-05 17:30:00,85336.41
2023-10-05 17:45:00,85336.41
2023-10-05 18:00:00,85422.52
2023-10-05 18:15:00,86038.01
2023-10-05 18:30:00,86452.16
2023-10-05 18:45:00,86038.01
2023-10-05 19:00:00,86452.16
2023-10-05 19:15:00,86452.16
2023-10-05 19:30:00,86452.16
2023-10-05 19:45:00,85407.24
2023-10-05 20:00:00,84241.695
2023-10-05 20:15:00,85312.37
2023-10-05 20:30:00,85312.37
2023-10-05 20:45:00,84878.21
2023-10-05 21:00:00,84241.695
2023-10-05 21:15:00,84878.21
2023-10-05 21:30:00,85312.37
2023-10-05 21:45:00,86452.16
2023-10-05 22:00:00,86452.16
2023-10-05 22:15:00,86452.16
2023-10-05 22:30:00,85407.24
2023-10-05 22:45:00,84361.14
2023-10-05 23:00:00,81155.87
2023-10-05 23:15:00,78685.39
2023-10-05 23:30:00,75595.41
2023-10-05 23:45:00,72617.42
2023-10-06 00:00:00,61898.133
2023-10-06 00:15:00,60397.723
2023-10-06 00:30:00,56247.906
2023-10-06 00:45:00,47690.055
2023-10-06 01:00:00,44128.215
2023-10-06 01:15:00,40041.72
2023-10-06 01:30:00,35570.914
2023-10-06 01:45:00,33160.266
2023-10-06 02:00:00,29777.96
2023-10-06 02:15:00,27191.621
2023-10-06 02:30:00,25538.467
2023-10-06 02:45:00,24354.61
2023-10-06 03:00:00,22558.498
2023-10-06 03:15:00,21053.633
2023-10-06 03:30:00,20029.975
2023-10-06 03:45:00,19660.307
2023-10-06 04:00:00,18874.61
2023-10-06 04:15:00,18874.61
2023-10-06 04:30:00,18874.61
2023-10-06 04:45:00,18874.61
2023-10-06 05:00:00,18874.61
2023-10-06 05:15:00,18874.61
2023-10-06 05:30:00,19314.95
2023-10-06 05:45:00,20148.758
2023-10-06 06:00:00,23066.215
2023-10-06 06:15:00,24371.863
2023-10-06 06:30:00,29389.174
2023-10-06 06:45:00,34497.6
2023-10-06 07:00:00,40417.113
2023-10-06 07:15:00,46382.508
2023-10-06 07:30:00,53755.47
2023-10-06 07:45:00,61471.227
2023-10-06 08:00:00,64537.7
2023-10-06 08:15:00,62742.273
2023-10-06 08:30:00,63261.887
2023-10-06 08:45:00,64586.754
2023-10-06 09:00:00,67794.15
2023-10-06 09:15:00,68643.07
2023-10-06 09:30:00,68643.07
2023-10-06 09:45:00,70414.164
2023-10-06 10:00:00,72151.97
2023-10-06 10:15:00,72348.46
2023-10-06 10:30:00,70414.164
2023-10-06 10:45:00,70414.164
2023-10-06 11:00:00,70434.06
2023-10-06 11:15:00,73487.8
2023-10-06 11:30:00,74805.54
2023-10-06 11:45:00,72702.266
2023-10-06 12:00:00,73505.34
2023-10-06 12:15:00,73505.34
2023-10-06 12:30:00,74823.086
2023-10-06 12:45:00,76156.86
2023-10-06 13:00:00,76156.86
2023-10-06 13:15:00,77702.62
2023-10-06 13:30:00,80433.555
2023-10-06 13:45:00,82443.47
2023-10-06 14:00:00,82443.47
2023-10-06 14:15:00,83794.5
2023-10-06 14:30:00,86251.375
2023-10-06 14:45:00,88964.01
2023-10-06 15:00:00,88672.91
2023-10-06 15:15:00,86395.51
2023-10-06 15:30:00,85528.97
2023-10-06 15:45:00,85111.71
2023-10-06 16:00:00,85528.97
2023-10-06 16:15:00,85528.97
2023-10-06 16:30:00,86661.375
2023-10-06 16:45:00,84590.836
2023-10-06 17:00:00,85599.805
2023-10-06 17:15:00,85528.97
2023-10-06 17:30:00,86230.57
2023-10-06 17:45:00,86230.57
2023-10-06 18:00:00,87171.78
2023-10-06 18:15:00,86661.375
2023-10-06 18:30:00,87310.414
2023-10-06 18:45:00,87171.78
2023-10-06 19:00:00,86661.375
2023-10-06 19:15:00,87417.445
2023-10-06 19:30:00,88273.03
2023-10-06 19:45:00,89059.586
2023-10-06 20:00:00,89059.586
2023-10-06 20:15:00,87417.445
2023-10-06 20:30:00,87417.445
2023-10-06 20:45:00,87417.445
2023-10-06 21:00:00,87417.445
2023-10-06 21:15:00,87417.445
2023-10-06 21:30:00,87417.445
2023-10-06 21:45:00,87417.445
2023-10-06 22:00:00,87417.445
2023-10-06 22:15:00,87417.445
2023-10-06 22:30:00,87310.414
2023-10-06 22:45:00,86230.57
2023-10-06 23:00:00,83589.23
2023-10-06 23:15:00,81337.22
2023-10-06 23:30:00,78866.74
2023-10-06 23:45:00,78842.71
2023-10-07 00:00:00,73921.92
2023-10-07 00:15:00,67314.625
2023-10-07 00:30:00,62112.883
2023-10-07 00:45:00,60440.848
2023-10-07 01:00:00,56241.977
2023-10-07 01:15:00,50053.156
2023-10-07 01:30:00,47708.555
2023-10-07 01:45:00,42396.56
2023-10-07 02:00:00,39674.477
2023-10-07 02:15:00,35614.04
2023-10-07 02:30:00,33907.18
2023-10-07 02:45:00,29821.082
2023-10-07 03:00:00,27878.926
2023-10-07 03:15:00,25552.379
2023-10-07 03:30:00,25166.088
2023-10-07 03:45:00,22590.717
2023-10-07 04:00:00,21901.652
2023-10-07 04:15:00,20675.984
2023-10-07 04:30:00,20029.975
2023-10-07 04:45:00,19660.307
2023-10-07 05:00:00,19314.95
2023-10-07 05:15:00,19053.375
2023-10-07 05:30:00,18874.61
2023-10-07 05:45:00,19053.375
2023-10-07 06:00:00,20325.203
2023-10-07 06:15:00,20325.203
2023-10-07 06:30:00,20742.691
2023-10-07 06:45:00,22306.646
2023-10-07 07:00:00,25111.736
2023-10-07 07:15:00,28252.191
2023-10-07 07:30:00,30816.715
2023-10-07 07:45:00,34598.465
2023-10-07 08:00:00,38097.953
2023-10-07 08:15:00,42836.41
2023-10-07 08:30:00,48400.293
2023-10-07 08:45:00,51086.64
2023-10-07 09:00:00,55909.266
2023-10-07 09:15:00,56039.914
2023-10-07 09:30:00,61693.04
2023-10-07 09:45:00,63120.84
2023-10-07 10:00:00,65049.605
2023-10-07 10:15:00,66792.75
2023-10-07 10:30:00,67652.96
2023-10-07 10:45:00,68666.67
2023-10-07 11:00:00,68686.57
2023-10-07 11:15:00,70457.664
2023-10-07 11:30:00,72391.96
2023-10-07 11:45:00,73511.4
2023-10-07 12:00:00,74846.69
2023-10-07 12:15:00,76440.15
2023-10-07 12:30:00,77726.22
2023-10-07 12:45:00,77726.22
2023-10-07 13:00:00,79005.05
2023-10-07 13:15:00,81112.445
2023-10-07 13:30:00,81116.984
2023-10-07 13:45:00,81116.984
2023-10-07 14:00:00,81116.984
2023-10-07 14:15:00,82467.07
2023-10-07 14:30:00,84427.695
2023-10-07 14:45:00,84427.695
2023-10-07 15:00:00,84427.695
2023-10-07 15:15:00,85131.51
2023-10-07 15:30:00,87235.74
2023-10-07 15:45:00,88979.586
2023-10-07 16:00:00,89494.945
2023-10-07 16:15:00,88979.586
2023-10-07 16:30:00,89469.51
2023-10-07 16:45:00,91676.66
2023-10-07 17:00:00,91676.66
2023-10-07 17:15:00,89494.945
2023-10-07 17:30:00,89469.51
2023-10-07 17:45:00,91558.34
2023-10-07 18:00:00,91558.34
2023-10-07 18:15:00,89494.945
2023-10-07 18:30:00,87235.74
2023-10-07 18:45:00,87481.41
2023-10-07 19:00:00,88979.586
2023-10-07 19:15:00,88736.87
2023-10-07 19:30:00,89352.41
2023-10-07 19:45:00,91080.01
2023-10-07 20:00:00,91676.66
2023-10-07 20:15:00,91676.66
2023-10-07 20:30:00,90968.08
2023-10-07 20:45:00,91080.01
2023-10-07 21:00:00,91676.66
2023-10-07 21:15:00,91558.34
2023-10-07 21:30:00,91558.34
2023-10-07 21:45:00,91676.66
2023-10-07 22:00:00,91676.66
2023-10-07 22:15:00,91080.01
2023-10-07 22:30:00,91080.01
2023-10-07 22:45:00,91080.01
2023-10-07 23:00:00,89212.78
2023-10-07 23:15:00,85648.55
2023-10-07 23:30:00,84805.375
2023-10-07 23:45:00,83567.375
2023-10-08 00:00:00,80709.15
2023-10-08 00:15:00,76814.58
2023-10-08 00:30:00,72510.89
2023-10-08 00:45:00,64065.76
2023-10-08 01:00:00,61571.543
2023-10-08 01:15:00,57597.316
2023-10-08 01:30:00,50282.23
2023-10-08 01:45:00,47708.555
2023-10-08 02:00:00,42836.527
2023-10-08 02:15:00,40084.844
2023-10-08 02:30:00,36289.688
2023-10-08 02:45:00,34436.777
2023-10-08 03:00:00,31232.719
2023-10-08 03:15:00,29576.043
2023-10-08 03:30:00,27205.533
2023-10-08 03:45:00,25199.514
2023-10-08 04:00:00,24047.557
2023-10-08 04:15:00,21917.043
2023-10-08 04:30:00,21053.633
2023-10-08 04:45:00,20326.332
2023-10-08 05:00:00,19660.307
2023-10-08 05:15:00,19314.95
2023-10-08 05:30:00,19053.375
2023-10-08 05:45:00,18874.61
2023-10-08 06:00:00,20325.203
2023-10-08 06:15:00,20325.203
2023-10-08 06:30:00,20388.922
2023-10-08 06:45:00,20742.691
2023-10-08 07:00:00,23308.734
2023-10-08 07:15:00,25111.736
2023-10-08 07:30:00,26721.072
2023-10-08 07:45:00,30816.715
2023-10-08 08:00:00,33925.08
2023-10-08 08:15:00,38097.953
2023-10-08 08:30:00,42593.484
2023-10-08 08:45:00,46264.605
2023-10-08 09:00:00,49508.47
2023-10-08 09:15:00,53780.926
2023-10-08 09:30:00,55983.168
2023-10-08 09:45:00,58458.566
2023-10-08 10:00:00,63071.785
2023-10-08 10:15:00,63790.25
2023-10-08 10:30:00,65708.836
2023-10-08 10:45:00,67389.11
2023-10-08 11:00:00,68686.57
2023-10-08 11:15:00,68686.57
2023-10-08 11:30:00,72195.47
2023-10-08 11:45:00,72725.87
2023-10-08 12:00:00,74282.64
2023-10-08 12:15:00,75773.15
2023-10-08 12:30:00,77726.22
2023-10-08 12:45:00,79005.05
2023-10-08 13:00:00,80457.16
2023-10-08 13:15:00,81116.984
2023-10-08 13:30:00,82467.07
2023-10-08 13:45:00,82467.07
2023-10-08 14:00:00,82355.24
2023-10-08 14:15:00,81692.12
2023-10-08 14:30:00,82355.24
2023-10-08 14:45:00,82355.24
2023-10-08 15:00:00,82467.07
2023-10-08 15:15:00,84494.99
2023-10-08 15:30:00,86278.234
2023-10-08 15:45:00,87481.41
2023-10-08 16:00:00,88336.99
2023-10-08 16:15:00,88979.586
2023-10-08 16:30:00,89375.12
2023-10-08 16:45:00,89494.945
2023-10-08 17:00:00,89494.945
2023-10-08 17:15:00,88979.586
2023-10-08 17:30:00,88736.87
2023-10-08 17:45:00,89469.51
2023-10-08 18:00:00,90328.73
2023-10-08 18:15:00,91080.01
2023-10-08 18:30:00,89469.51
2023-10-08 18:45:00,91080.01
2023-10-08 19:00:00,91676.66
2023-10-08 19:15:00,94012.26
2023-10-08 19:30:00,94012.26
2023-10-08 19:45:00,92656.98
2023-10-08 20:00:00,92656.98
2023-10-08 20:15:00,92656.98
2023-10-08 20:30:00,91676.66
2023-10-08 20:45:00,90328.73
2023-10-08 21:00:00,89494.945
2023-10-08 21:15:00,91676.66
2023-10-08 21:30:00,92656.98
2023-10-08 21:45:00,96273.414
2023-10-08 22:00:00,94012.26
2023-10-08 22:15:00,91676.66
2023-10-08 22:30:00,92656.98
2023-10-08 22:45:00,91676.66
2023-10-08 23:00:00,90898.87
2023-10-08 23:15:00,85648.55
2023-10-08 23:30:00,80476.625
2023-10-08 23:45:00,76732.266
2023-10-09 00:00:00,68963.58
2023-10-09 00:15:00,61968.312
2023-10-09 00:30:00,58865.855
2023-10-09 00:45:00,52174.86
2023-10-09 01:00:00,47616.375
2023-10-09 01:15:00,42353.434
2023-10-09 01:30:00,44177.27
2023-10-09 01:45:00,42353.434
2023-10-09 02:00:00,37153.54
2023-10-09 02:15:00,34393.652
2023-10-09 02:30:00,31164.225
2023-10-09 02:45:00,28229.701
2023-10-09 03:00:00,25329.29
2023-10-09 03:15:00,25166.088
2023-10-09 03:30:00,22558.498
2023-10-09 03:45:00,21449.215
2023-10-09 04:00:00,20143.105
2023-10-09 04:15:00,19660.307
2023-10-09 04:30:00,19053.375
2023-10-09 04:45:00,19053.375
2023-10-09 05:00:00,19314.95
2023-10-09 05:15:00,20035.627
2023-10-09 05:30:00,20148.758
2023-10-09 05:45:00,21454.867
2023-10-09 06:00:00,25320.791
2023-10-09 06:15:00,27797.25
2023-10-09 06:30:00,31987.809
2023-10-09 06:45:00,37523.188
2023-10-09 07:00:00,46313.008
2023-10-09 07:15:00,52474.086
2023-10-09 07:30:00,61450.78
2023-10-09 07:45:00,66239.68
2023-10-09 08:00:00,75020.625
2023-10-09 08:15:00,71922.07
2023-10-09 08:30:00,75200.6
2023-10-09 08:45:00,76481.445
2023-10-09 09:00:00,82124.305
2023-10-09 09:15:00,84185.55
2023-10-09 09:30:00,85331.23
2023-10-09 09:45:00,85402.06
2023-10-09 10:00:00,86957.38
2023-10-09 10:15:00,87058.54
2023-10-09 10:30:00,86957.38
2023-10-09 10:45:00,86446.98
2023-10-09 11:00:00,86223.766
2023-10-09 11:15:00,87084.54
2023-10-09 11:30:00,88753.75
2023-10-09 11:45:00,87084.54
2023-10-09 12:00:00,87102.086
2023-10-09 12:15:00,88594.07
2023-10-09 12:30:00,88796.734
2023-10-09 12:45:00,88771.3
2023-10-09 13:00:00,88796.734
2023-10-09 13:15:00,89459.945
2023-10-09 13:30:00,94072.18
2023-10-09 13:45:00,95400.61
2023-10-09 14:00:00,95400.61
2023-10-09 14:15:00,95400.61
2023-10-09 14:30:00,95400.61
2023-10-09 14:45:00,95400.61
2023-10-09 15:00:00,95327.02
2023-10-09 15:15:00,95327.02
2023-10-09 15:30:00,95327.02
2023-10-09 15:45:00,95327.02
2023-10-09 16:00:00,96680.42
2023-10-09 16:15:00,96680.42
2023-10-09 16:30:00,96680.42
2023-10-09 16:45:00,96680.42
2023-10-09 17:00:00,96680.42
2023-10-09 17:15:00,96680.42
2023-10-09 17:30:00,96680.42
2023-10-09 17:45:00,96680.42
2023-10-09 18:00:00,96680.42
2023-10-09 18:15:00,96680.42
2023-10-09 18:30:00,96680.42
2023-10-09 18:45:00,96680.42
2023-10-09 19:00:00,96680.42
2023-10-09 19:15:00,96680.42
2023-10-09 19:30:00,96680.42
2023-10-09 19:45:00,96680.42
2023-10-09 20:00:00,96680.42
2023-10-09 20:15:00,96680.42
2023-10-09 20:30:00,96680.42
2023-10-09 20:45:00,96680.42
2023-10-09 21:00:00,96680.42
2023-10-09 21:15:00,96680.42
2023-10-09 21:30:00,96680.42
2023-10-09 21:45:00,96680.42
2023-10-09 22:00:00,96680.42
2023-10-09 22:15:00,96680.42
2023-10-09 22:30:00,96680.42
2023-10-09 22:45:00,96680.42
2023-10-09 23:00:00,93369.72
2023-10-09 23:15:00,88932.23
2023-10-09 23:30:00,86882.305
2023-10-09 23:45:00,84475.13
2023-10-10 00:00:00,78057.555
2023-10-10 00:15:00,71510.99
2023-10-10 00:30:00,61968.312
2023-10-10 00:45:00,56247.906
2023-10-10 01:00:00,47777.887
2023-10-10 01:15:00,44177.27
2023-10-10 01:30:00,40041.72
2023-10-10 01:45:00,35570.914
2023-10-10 02:00:00,32505.846
2023-10-10 02:15:00,29777.96
2023-10-10 02:30:00,27865.014
2023-10-10 02:45:00,25329.29
2023-10-10 03:00:00,23852.525
2023-10-10 03:15:00,21901.652
2023-10-10 03:30:00,20956.424
2023-10-10 03:45:00,20029.975
2023-10-10 04:00:00,19314.95
2023-10-10 04:15:00,18874.61
2023-10-10 04:30:00,18874.61
2023-10-10 04:45:00,18874.61
2023-10-10 05:00:00,18874.61
2023-10-10 05:15:00,19053.375
2023-10-10 05:30:00,19660.307
2023-10-10 05:45:00,20681.637
2023-10-10 06:00:00,24371.863
2023-10-10 06:15:00,25328.432
2023-10-10 06:30:00,29984.822
2023-10-10 06:45:00,36168.32
2023-10-10 07:00:00,43754.027
2023-10-10 07:15:00,50766.88
2023-10-10 07:30:00,58236.45
2023-10-10 07:45:00,64586.754
2023-10-10 08:00:00,71002.836
2023-10-10 08:15:00,66260.13
2023-10-10 08:30:00,69936.68
2023-10-10 08:45:00,72320.58
2023-10-10 09:00:00,77502.92
2023-10-10 09:15:00,80233.86
2023-10-10 09:30:00,80889.15
2023-10-10 09:45:00,80893.69
2023-10-10 10:00:00,81468.82
2023-10-10 10:15:00,82243.77
2023-10-10 10:30:00,82243.77
2023-10-10 10:45:00,80893.69
2023-10-10 11:00:00,80919.69
2023-10-10 11:15:00,83609.59
2023-10-10 11:30:00,84947.61
2023-10-10 11:45:00,83298.76
2023-10-10 12:00:00,82431.45
2023-10-10 12:15:00,83627.14
2023-10-10 12:30:00,84965.16
2023-10-10 12:45:00,85453.25
2023-10-10 13:00:00,85453.25
2023-10-10 13:15:00,88601.71
2023-10-10 13:30:00,89835.984
2023-10-10 13:45:00,89459.945
2023-10-10 14:00:00,90440.266
2023-10-10 14:15:00,94072.18
2023-10-10 14:30:00,95400.61
2023-10-10 14:45:00,95400.61
2023-10-10 15:00:00,95327.02
2023-10-10 15:15:00,93998.59
2023-10-10 15:30:00,91737.44
2023-10-10 15:45:00,90366.68
2023-10-10 16:00:00,91720.08
2023-10-10 16:15:00,90739.76
2023-10-10 16:30:00,91720.08
2023-10-10 16:45:00,90739.76
2023-10-10 17:00:00,93090.836
2023-10-10 17:15:00,95351.99
2023-10-10 17:30:00,95351.99
2023-10-10 17:45:00,95351.99
2023-10-10 18:00:00,96680.42
2023-10-10 18:15:00,96680.42
2023-10-10 18:30:00,96680.42
2023-10-10 18:45:00,96680.42
2023-10-10 19:00:00,96680.42
2023-10-10 19:15:00,96680.42
2023-10-10 19:30:00,96680.42
2023-10-10 19:45:00,95351.99
2023-10-10 20:00:00,95351.99
2023-10-10 20:15:00,95351.99
2023-10-10 20:30:00,93090.836
2023-10-10 20:45:00,95351.99
2023-10-10 21:00:00,95351.99
2023-10-10 21:15:00,91720.08
2023-10-10 21:30:00,93090.836
2023-10-10 21:45:00,95351.99
2023-10-10 22:00:00,95351.99
2023-10-10 22:15:00,95351.99
2023-10-10 22:30:00,93090.836
2023-10-10 22:45:00,90739.76
2023-10-10 23:00:00,89057.805
2023-10-10 23:15:00,86770.12
2023-10-10 23:30:00,84482.77
2023-10-10 23:45:00,80078.12
2023-10-11 00:00:00,75193.41
2023-10-11 00:15:00,66314.125
2023-10-11 00:30:00,61257.918
2023-10-11 00:45:00,56247.906
2023-10-11 01:00:00,47777.887
2023-10-11 01:15:00,42842.457
2023-10-11 01:30:00,39680.406
2023-10-11 01:45:00,35570.914
2023-10-11 02:00:00,32505.846
2023-10-11 02:15:00,29777.96
2023-10-11 02:30:00,27191.621
2023-10-11 02:45:00,25166.088
2023-10-11 03:00:00,22590.717
2023-10-11 03:15:00,21901.652
2023-10-11 03:30:00,20956.424
2023-10-11 03:45:00,20029.975
2023-10-11 04:00:00,19314.95
2023-10-11 04:15:00,19053.375
2023-10-11 04:30:00,18874.61
2023-10-11 04:45:00,18874.61
2023-10-11 05:00:00,18874.61
2023-10-11 05:15:00,19314.95
2023-10-11 05:30:00,20035.627
2023-10-11 05:45:00,20681.637
2023-10-11 06:00:00,24371.863
2023-10-11 06:15:00,25328.432
2023-10-11 06:30:00,29984.822
2023-10-11 06:45:00,36168.32
2023-10-11 07:00:00,42954.312
2023-10-11 07:15:00,49532.066
2023-10-11 07:30:00,55993.367
2023-10-11 07:45:00,63813.17
2023-10-11 08:00:00,68002.38
2023-10-11 08:15:00,66260.13
2023-10-11 08:30:00,66260.13
2023-10-11 08:45:00,69740.19
2023-10-11 09:00:00,74623.39
2023-10-11 09:15:00,77322.945
2023-10-11 09:30:00,77502.92
2023-10-11 09:45:00,78781.75
2023-10-11 10:00:00,80233.86
2023-10-11 10:15:00,80233.86
2023-10-11 10:30:00,80233.86
2023-10-11 10:45:00,78781.75
2023-10-11 11:00:00,77528.92
2023-10-11 11:15:00,80919.69
2023-10-11 11:30:00,82269.77
2023-10-11 11:45:00,80919.69
2023-10-11 12:00:00,80937.234
2023-10-11 12:15:00,82287.32
2023-10-11 12:30:00,83627.14
2023-10-11 12:45:00,83316.305
2023-10-11 13:00:00,83627.14
2023-10-11 13:15:00,86498.164
2023-10-11 13:30:00,88721.08
2023-10-11 13:45:00,88778.94
2023-10-11 14:00:00,89835.984
2023-10-11 14:15:00,89493.35
2023-10-11 14:30:00,94072.18
2023-10-11 14:45:00,95400.61
2023-10-11 15:00:00,95327.02
2023-10-11 15:15:00,90366.68
2023-10-11 15:30:00,89419.766
2023-10-11 15:45:00,89419.766
2023-10-11 16:00:00,90773.164
2023-10-11 16:15:00,90773.164
2023-10-11 16:30:00,90773.164
2023-10-11 16:45:00,90773.164
2023-10-11 17:00:00,90773.164
2023-10-11 17:15:00,90773.164
2023-10-11 17:30:00,93090.836
2023-10-11 17:45:00,93090.836
2023-10-11 18:00:00,95351.99
2023-10-11 18:15:00,96680.42
2023-10-11 18:30:00,96680.42
2023-10-11 18:45:00,96680.42
2023-10-11 19:00:00,96680.42
2023-10-11 19:15:00,95351.99
2023-10-11 19:30:00,95351.99
2023-10-11 19:45:00,95351.99
2023-10-11 20:00:00,93090.836
2023-10-11 20:15:00,95351.99
2023-10-11 20:30:00,95351.99
2023-10-11 20:45:00,95351.99
2023-10-11 21:00:00,95351.99
2023-10-11 21:15:00,95351.99
2023-10-11 21:30:00,95351.99
2023-10-11 21:45:00,93090.836
2023-10-11 22:00:00,93090.836
2023-10-11 22:15:00,91720.08
2023-10-11 22:30:00,93090.836
2023-10-11 22:45:00,90739.76
2023-10-11 23:00:00,89057.805
2023-10-11 23:15:00,86889.945
2023-10-11 23:30:00,86889.945
2023-10-11 23:45:00,85181.44
2023-10-12 00:00:00,81067.266
2023-10-12 00:15:00,75390.8
2023-10-12 00:30:00,67196.8
2023-10-12 00:45:00,61968.312
2023-10-12 01:00:00,58816.8
2023-10-12 01:15:00,53545.934
2023-10-12 01:30:00,47690.055
2023-10-12 01:45:00,42842.457
2023-10-12 02:00:00,39992.664
2023-10-12 02:15:00,35570.914
2023-10-12 02:30:00,33864.055
2023-10-12 02:45:00,31164.225
2023-10-12 03:00:00,28229.701
2023-10-12 03:15:00,25538.467
2023-10-12 03:30:00,25166.088
2023-10-12 03:45:00,23650.133
2023-10-12 04:00:00,21917.043
2023-10-12 04:15:00,21449.215
2023-10-12 04:30:00,20675.984
2023-10-12 04:45:00,20029.975
2023-10-12 05:00:00,19660.307
2023-10-12 05:15:00,19660.307
2023-10-12 05:30:00,19660.307
2023-10-12 05:45:00,19660.307
2023-10-12 06:00:00,20860.598
2023-10-12 06:15:00,21255.889
2023-10-12 06:30:00,21783.674
2023-10-12 06:45:00,23657.816
2023-10-12 07:00:00,25943.684
2023-10-12 07:15:00,29350.332
2023-10-12 07:30:00,31182.95
2023-10-12 07:45:00,35180.07
2023-10-12 08:00:00,38262.11
2023-10-12 08:15:00,42711.387
2023-10-12 08:30:00,48518.195
2023-10-12 08:45:00,50766.88
2023-10-12 09:00:00,56027.168
2023-10-12 09:15:00,58445.016
2023-10-12 09:30:00,61789.85
2023-10-12 09:45:00,63887.062
2023-10-12 10:00:00,66108.31
2023-10-12 10:15:00,68562.95
2023-10-12 10:30:00,68562.95
2023-10-12 10:45:00,72358.625
2023-10-12 11:00:00,74085.34
2023-10-12 11:15:00,75575.85
2023-10-12 11:30:00,77528.92
2023-10-12 11:45:00,78953.91
2023-10-12 12:00:00,80937.234
2023-10-12 12:15:00,82287.32
2023-10-12 12:30:00,83627.14
2023-10-12 12:45:00,84304.03
2023-10-12 13:00:00,85382.414
2023-10-12 13:15:00,87008.57
2023-10-12 13:30:00,87109.73
2023-10-12 13:45:00,86498.164
2023-10-12 14:00:00,86084.016
2023-10-12 14:15:00,86084.016
2023-10-12 14:30:00,86084.016
2023-10-12 14:45:00,86084.016
2023-10-12 15:00:00,86452.16
2023-10-12 15:15:00,87063.72
2023-10-12 15:30:00,88730.79
2023-10-12 15:45:00,89419.766
2023-10-12 16:00:00,90773.164
2023-10-12 16:15:00,90773.164
2023-10-12 16:30:00,90773.164
2023-10-12 16:45:00,90739.76
2023-10-12 17:00:00,90739.76
2023-10-12 17:15:00,90773.164
2023-10-12 17:30:00,90773.164
2023-10-12 17:45:00,90773.164
2023-10-12 18:00:00,90773.164
2023-10-12 18:15:00,90773.164
2023-10-12 18:30:00,90773.164
2023-10-12 18:45:00,91720.08
2023-10-12 19:00:00,91720.08
2023-10-12 19:15:00,91720.08
2023-10-12 19:30:00,93090.836
2023-10-12 19:45:00,95351.99
2023-10-12 20:00:00,95351.99
2023-10-12 20:15:00,95351.99
2023-10-12 20:30:00,96680.42
2023-10-12 20:45:00,96680.42
2023-10-12 21:00:00,96680.42
2023-10-12 21:15:00,96680.42
2023-10-12 21:30:00,96680.42
2023-10-12 21:45:00,96680.42
2023-10-12 22:00:00,96680.42
2023-10-12 22:15:00,96680.42
2023-10-12 22:30:00,96680.42
2023-10-12 22:45:00,96680.42
2023-10-12 23:00:00,94019.555
2023-10-12 23:15:00,93369.72
2023-10-12 23:30:00,88932.23
2023-10-12 23:45:00,86889.945
2023-10-13 00:00:00,85469.23
2023-10-13 00:15:00,79092.76
2023-10-13 00:30:00,73832.945
2023-10-13 00:45:00,63976.777
2023-10-13 01:00:00,59717.35
2023-10-13 01:15:00,53545.934
2023-10-13 01:30:00,47826.94
2023-10-13 01:45:00,44177.27
2023-10-13 02:00:00,39992.664
2023-10-13 02:15:00,36246.562
2023-10-13 02:30:00,34393.652
2023-10-13 02:45:00,31189.598
2023-10-13 03:00:00,29562.13
2023-10-13 03:15:00,27191.621
2023-10-13 03:30:00,25166.088
2023-10-13 03:45:00,22590.717
2023-10-13 04:00:00,21661.51
2023-10-13 04:15:00,20675.984
2023-10-13 04:30:00,20029.975
2023-10-13 04:45:00,19660.307
2023-10-13 05:00:00,19314.95
2023-10-13 05:15:00,19660.307
2023-10-13 05:30:00,20035.627
2023-10-13 05:45:00,20331.984
2023-10-13 06:00:00,23066.215
2023-10-13 06:15:00,23975.97
2023-10-13 06:30:00,25328.432
2023-10-13 06:45:00,29389.174
2023-10-13 07:00:00,34042.98
2023-10-13 07:15:00,38262.11
2023-10-13 07:30:00,43803.082
2023-10-13 07:45:00,48662.52
2023-10-13 08:00:00,52445.477
2023-10-13 08:15:00,55932.863
2023-10-13 08:30:00,60282.566
2023-10-13 08:45:00,63261.887
2023-10-13 09:00:00,66840.51
2023-10-13 09:15:00,68643.07
2023-10-13 09:30:00,73467.9
2023-10-13 09:45:00,75712.1
2023-10-13 10:00:00,77665.17
2023-10-13 10:15:00,79090.16
2023-10-13 10:30:00,81051.4
2023-10-13 10:45:00,81055.94
2023-10-13 11:00:00,82314.09
2023-10-13 11:15:00,83454.91
2023-10-13 11:30:00,84386.55
2023-10-13 11:45:00,85114.97
2023-10-13 12:00:00,85549.77
2023-10-13 12:15:00,87068.29
2023-10-13 12:30:00,87331.22
2023-10-13 12:45:00,87438.25
2023-10-13 13:00:00,87438.25
2023-10-13 13:15:00,89336.83
2023-10-13 13:30:00,89479.37
2023-10-13 13:45:00,89479.37
2023-10-13 14:00:00,89479.37
2023-10-13 14:15:00,89479.37
2023-10-13 14:30:00,90510.98
2023-10-13 14:45:00,90216.984
2023-10-13 15:00:00,90168.6
2023-10-13 15:15:00,90168.6
2023-10-13 15:30:00,90168.6
2023-10-13 15:45:00,91148.92
2023-10-13 16:00:00,92502.32
2023-10-13 16:15:00,91522.0
2023-10-13 16:30:00,92502.32
2023-10-13 16:45:00,92502.32
2023-10-13 17:00:00,93857.6
2023-10-13 17:15:00,92502.32
2023-10-13 17:30:00,91522.0
2023-10-13 17:45:00,91522.0
2023-10-13 18:00:00,92502.32
2023-10-13 18:15:00,91522.0
2023-10-13 18:30:00,92502.32
2023-10-13 18:45:00,92502.32
2023-10-13 19:00:00,92502.32
2023-10-13 19:15:00,92502.32
2023-10-13 19:30:00,92502.32
2023-10-13 19:45:00,92502.32
2023-10-13 20:00:00,96118.76
2023-10-13 20:15:00,96118.76
2023-10-13 20:30:00,96118.76
2023-10-13 20:45:00,96118.76
2023-10-13 21:00:00,96118.76
2023-10-13 21:15:00,93857.6
2023-10-13 21:30:00,96118.76
2023-10-13 21:45:00,96118.76
2023-10-13 22:00:00,96118.76
2023-10-13 22:15:00,96118.76
2023-10-13 22:30:00,96118.76
2023-10-13 22:45:00,93857.6
2023-10-13 23:00:00,91875.33
2023-10-13 23:15:00,89806.64
2023-10-13 23:30:00,89779.02
2023-10-13 23:45:00,87590.14
2023-10-14 00:00:00,85888.734
2023-10-14 00:15:00,81196.305
2023-10-14 00:30:00,75508.625
2023-10-14 00:45:00,67314.625
2023-10-14 01:00:00,62376.85
2023-10-14 01:15:00,58984.598
2023-10-14 01:30:00,53589.06
2023-10-14 01:45:00,47708.555
2023-10-14 02:00:00,42836.527
2023-10-14 02:15:00,39723.53
2023-10-14 02:30:00,35614.04
2023-10-14 02:45:00,33907.18
2023-10-14 03:00:00,31207.346
2023-10-14 03:15:00,28243.613
2023-10-14 03:30:00,25552.379
2023-10-14 03:45:00,25166.088
2023-10-14 04:00:00,23650.133
2023-10-14 04:15:00,21901.652
2023-10-14 04:30:00,21053.633
2023-10-14 04:45:00,20675.984
2023-10-14 05:00:00,20035.627
2023-10-14 05:15:00,19660.307
2023-10-14 05:30:00,20035.627
2023-10-14 05:45:00,19660.307
2023-10-14 06:00:00,20742.691
2023-10-14 06:15:00,21137.982
2023-10-14 06:30:00,21665.768
2023-10-14 06:45:00,22948.309
2023-10-14 07:00:00,25825.777
2023-10-14 07:15:00,29232.426
2023-10-14 07:30:00,31412.35
2023-10-14 07:45:00,35062.168
2023-10-14 08:00:00,38144.207
2023-10-14 08:15:00,42836.41
2023-10-14 08:30:00,48544.617
2023-10-14 08:45:00,52376.63
2023-10-14 09:00:00,55934.113
2023-10-14 09:15:00,61693.04
2023-10-14 09:30:00,63790.25
2023-10-14 09:45:00,66060.555
2023-10-14 10:00:00,67697.34
2023-10-14 10:15:00,68666.67
2023-10-14 10:30:00,70437.766
2023-10-14 10:45:00,73491.5
2023-10-14 11:00:00,74451.086
2023-10-14 11:15:00,75755.6
2023-10-14 11:30:00,77528.695
2023-10-14 11:45:00,77708.67
2023-10-14 12:00:00,79151.2
2023-10-14 12:15:00,81116.984
2023-10-14 12:30:00,81692.12
2023-10-14 12:45:00,82467.07
2023-10-14 13:00:00,82467.07
2023-10-14 13:15:00,83818.1
2023-10-14 13:30:00,84614.44
2023-10-14 13:45:00,83818.1
2023-10-14 14:00:00,83818.1
2023-10-14 14:15:00,83818.1
2023-10-14 14:30:00,84427.695
2023-10-14 14:45:00,83818.1
2023-10-14 15:00:00,84427.695
2023-10-14 15:15:00,85552.57
2023-10-14 15:30:00,87481.41
2023-10-14 15:45:00,88979.586
2023-10-14 16:00:00,89494.945
2023-10-14 16:15:00,89352.41
2023-10-14 16:30:00,89494.945
2023-10-14 16:45:00,91080.01
2023-10-14 17:00:00,91080.01
2023-10-14 17:15:00,91080.01
2023-10-14 17:30:00,91080.01
2023-10-14 17:45:00,90968.08
2023-10-14 18:00:00,90968.08
2023-10-14 18:15:00,89469.51
2023-10-14 18:30:00,91080.01
2023-10-14 18:45:00,91676.66
2023-10-14 19:00:00,91676.66
2023-10-14 19:15:00,94012.26
2023-10-14 19:30:00,96273.414
2023-10-14 19:45:00,96273.414
2023-10-14 20:00:00,97594.04
2023-10-14 20:15:00,96273.414
2023-10-14 20:30:00,97594.04
2023-10-14 20:45:00,96273.414
2023-10-14 21:00:00,97594.04
2023-10-14 21:15:00,97594.04
2023-10-14 21:30:00,97594.04
2023-10-14 21:45:00,97594.04
2023-10-14 22:00:00,97594.04
2023-10-14 22:15:00,97594.04
2023-10-14 22:30:00,97594.04
2023-10-14 22:45:00,97594.04
2023-10-14 23:00:00,94982.59
2023-10-14 23:15:00,92079.41
2023-10-14 23:30:00,89892.41
2023-10-14 23:45:00,87703.52
2023-10-15 00:00:00,85598.56
2023-10-15 00:15:00,81196.305
2023-10-15 00:30:00,76814.58
2023-10-15 00:45:00,69081.41
2023-10-15 01:00:00,62376.85
2023-10-15 01:15:00,60760.402
2023-10-15 01:30:00,56291.03
2023-10-15 01:45:00,50053.156
2023-10-15 02:00:00,45452.84
2023-10-15 02:15:00,42396.56
2023-10-15 02:30:00,37587.844
2023-10-15 02:45:00,34670.88
2023-10-15 03:00:00,32548.973
2023-10-15 03:15:00,29576.043
2023-10-15 03:30:00,27205.533
2023-10-15 03:45:00,25343.201
2023-10-15 04:00:00,24047.557
2023-10-15 04:15:00,22558.498
2023-10-15 04:30:00,21661.51
2023-10-15 04:45:00,20675.984
2023-10-15 05:00:00,20035.627
2023-10-15 05:15:00,19660.307
2023-10-15 05:30:00,19314.95
2023-10-15 05:45:00,19053.375
2023-10-15 06:00:00,20325.203
2023-10-15 06:15:00,20388.922
2023-10-15 06:30:00,20742.691
2023-10-15 06:45:00,21137.982
2023-10-15 07:00:00,23308.734
2023-10-15 07:15:00,25825.777
2023-10-15 07:30:00,28005.557
2023-10-15 07:45:00,30816.715
2023-10-15 08:00:00,33925.08
2023-10-15 08:15:00,36644.83
2023-10-15 08:30:00,42593.484
2023-10-15 08:45:00,48400.293
2023-10-15 09:00:00,50743.28
2023-10-15 09:15:00,55983.168
2023-10-15 09:30:00,58458.566
2023-10-15 09:45:00,63120.84
2023-10-15 10:00:00,63071.785
2023-10-15 10:15:00,65177.305
2023-10-15 10:30:00,67389.11
2023-10-15 10:45:00,68666.67
2023-10-15 11:00:00,70457.664
2023-10-15 11:15:00,72725.87
2023-10-15 11:30:00,73511.4
2023-10-15 11:45:00,74829.14
2023-10-15 12:00:00,75773.15
2023-10-15 12:15:00,77726.22
2023-10-15 12:30:00,77726.22
2023-10-15 12:45:00,80457.16
2023-10-15 13:00:00,81112.445
2023-10-15 13:15:00,81116.984
2023-10-15 13:30:00,81116.984
2023-10-15 13:45:00,81116.984
2023-10-15 14:00:00,80457.16
2023-10-15 14:15:00,80457.16
2023-10-15 14:30:00,80457.16
2023-10-15 14:45:00,80457.16
2023-10-15 15:00:00,81112.445
2023-10-15 15:15:00,82611.2
2023-10-15 15:30:00,85131.51
2023-10-15 15:45:00,85662.75
2023-10-15 16:00:00,87235.74
2023-10-15 16:15:00,86725.336
2023-10-15 16:30:00,87235.74
2023-10-15 16:45:00,87374.375
2023-10-15 17:00:00,87481.41
2023-10-15 17:15:00,87374.375
2023-10-15 17:30:00,87481.41
2023-10-15 17:45:00,87235.74
2023-10-15 18:00:00,87235.74
2023-10-15 18:15:00,87481.41
2023-10-15 18:30:00,87481.41
2023-10-15 18:45:00,87481.41
2023-10-15 19:00:00,88979.586
2023-10-15 19:15:00,88979.586
2023-10-15 19:30:00,89352.41
2023-10-15 19:45:00,89494.945
2023-10-15 20:00:00,89352.41
2023-10-15 20:15:00,89375.12
2023-10-15 20:30:00,87197.914
2023-10-15 20:45:00,87481.41
2023-10-15 21:00:00,87481.41
2023-10-15 21:15:00,87481.41
2023-10-15 21:30:00,89123.55
2023-10-15 21:45:00,88979.586
2023-10-15 22:00:00,87481.41
2023-10-15 22:15:00,89375.12
2023-10-15 22:30:00,89352.41
2023-10-15 22:45:00,88979.586
2023-10-15 23:00:00,84317.08
2023-10-15 23:15:00,82429.41
2023-10-15 23:30:00,80332.49
2023-10-15 23:45:00,76732.266
2023-10-16 00:00:00,68963.58
2023-10-16 00:15:00,61968.312
2023-10-16 00:30:00,58941.473
2023-10-16 00:45:00,52174.86
2023-10-16 01:00:00,47616.375
2023-10-16 01:15:00,42842.457
2023-10-16 01:30:00,41118.62
2023-10-16 01:45:00,39680.406
2023-10-16 02:00:00,34627.754
2023-10-16 02:15:00,32505.846
2023-10-16 02:30:00,29562.13
2023-10-16 02:45:00,25538.467
2023-10-16 03:00:00,24354.61
2023-10-16 03:15:00,22558.498
2023-10-16 03:30:00,21053.633
2023-10-16 03:45:00,20326.332
2023-10-16 04:00:00,19660.307
2023-10-16 04:15:00,19053.375
2023-10-16 04:30:00,18874.61
2023-10-16 04:45:00,18874.61
2023-10-16 05:00:00,18874.61
2023-10-16 05:15:00,18874.61
2023-10-16 05:30:00,19660.307
2023-10-16 05:45:00,20331.984
2023-10-16 06:00:00,23058.574
2023-10-16 06:15:00,24364.223
2023-10-16 06:30:00,29381.533
2023-10-16 06:45:00,33124.9
2023-10-16 07:00:00,40396.668
2023-10-16 07:15:00,48497.75
2023-10-16 07:30:00,53735.023
2023-10-16 07:45:00,60262.12
2023-10-16 08:00:00,63756.785
2023-10-16 08:15:00,63792.727
2023-10-16 08:30:00,64566.31
2023-10-16 08:45:00,66239.68
2023-10-16 09:00:00,68542.5
2023-10-16 09:15:00,72552.945
2023-10-16 09:30:00,74602.94
2023-10-16 09:45:00,75936.71
2023-10-16 10:00:00,77315.305
2023-10-16 10:15:00,78774.11
2023-10-16 10:30:00,77495.28
2023-10-16 10:45:00,77315.305
2023-10-16 11:00:00,77341.305
2023-10-16 11:15:00,78800.11
2023-10-16 11:30:00,80912.05
2023-10-16 11:45:00,80252.22
2023-10-16 12:00:00,78817.66
2023-10-16 12:15:00,80269.766
2023-10-16 12:30:00,81504.73
2023-10-16 12:45:00,82279.68
2023-10-16 13:00:00,82279.68
2023-10-16 13:15:00,85374.77
2023-10-16 13:30:00,87102.086
2023-10-16 13:45:00,88796.734
2023-10-16 14:00:00,88796.734
2023-10-16 14:15:00,89493.35
2023-10-16 14:30:00,94072.18
2023-10-16 14:45:00,95400.61
2023-10-16 15:00:00,95327.02
2023-10-16 15:15:00,90366.68
2023-10-16 15:30:00,89419.766
2023-10-16 15:45:00,89419.766
2023-10-16 16:00:00,90308.21
2023-10-16 16:15:00,88723.15
2023-10-16 16:30:00,90308.21
2023-10-16 16:45:00,88723.15
2023-10-16 17:00:00,88723.15
2023-10-16 17:15:00,90308.21
2023-10-16 17:30:00,90773.164
2023-10-16 17:45:00,90739.76
2023-10-16 18:00:00,90739.76
2023-10-16 18:15:00,91720.08
2023-10-16 18:30:00,91720.08
2023-10-16 18:45:00,90773.164
2023-10-16 19:00:00,90773.164
2023-10-16 19:15:00,90739.76
2023-10-16 19:30:00,90773.164
2023-10-16 19:45:00,90773.164
2023-10-16 20:00:00,90308.21
2023-10-16 20:15:00,90308.21
2023-10-16 20:30:00,89556.93
2023-10-16 20:45:00,89556.93
2023-10-16 21:00:00,90196.28
2023-10-16 21:15:00,88723.15
2023-10-16 21:30:00,88697.71
2023-10-16 21:45:00,90773.164
2023-10-16 22:00:00,90739.76
2023-10-16 22:15:00,90739.76
2023-10-16 22:30:00,90773.164
2023-10-16 22:45:00,90773.164
2023-10-16 23:00:00,88514.4
2023-10-16 23:15:00,86395.484
2023-10-16 23:30:00,83404.305
2023-10-16 23:45:00,80070.48
2023-10-17 00:00:00,73804.09
2023-10-17 00:15:00,65685.695
2023-10-17 00:30:00,60397.723
2023-10-17 00:45:00,53545.934
2023-10-17 01:00:00,47641.0
2023-10-17 01:15:00,42353.434
2023-10-17 01:30:00,37544.72
2023-10-17 01:45:00,34393.652
2023-10-17 02:00:00,32505.846
2023-10-17 02:15:00,29777.96
2023-10-17 02:30:00,27865.014
2023-10-17 02:45:00,25185.602
2023-10-17 03:00:00,22590.717
2023-10-17 03:15:00,21053.633
2023-10-17 03:30:00,20326.332
2023-10-17 03:45:00,19660.307
2023-10-17 04:00:00,18874.61
2023-10-17 04:15:00,18874.61
2023-10-17 04:30:00,18874.61
2023-10-17 04:45:00,18874.61
2023-10-17 05:00:00,18874.61
2023-10-17 05:15:00,18874.61
2023-10-17 05:30:00,19314.95
2023-10-17 05:45:00,20331.984
2023-10-17 06:00:00,23066.215
2023-10-17 06:15:00,24371.863
2023-10-17 06:30:00,29389.174
2023-10-17 06:45:00,34497.6
2023-10-17 07:00:00,41729.984
2023-10-17 07:15:00,48518.195
2023-10-17 07:30:00,55932.863
2023-10-17 07:45:00,61485.535
2023-10-17 08:00:00,65397.883
2023-10-17 08:15:00,63826.285
2023-10-17 08:30:00,64188.918
2023-10-17 08:45:00,65755.766
2023-10-17 09:00:00,68562.95
2023-10-17 09:15:00,72239.49
2023-10-17 09:30:00,73305.65
2023-10-17 09:45:00,73305.65
2023-10-17 10:00:00,74623.39
2023-10-17 10:15:00,74623.39
2023-10-17 10:30:00,74623.39
2023-10-17 10:45:00,73305.65
2023-10-17 11:00:00,73331.65
2023-10-17 11:15:00,75983.164
2023-10-17 11:30:00,77528.92
2023-10-17 11:45:00,75575.85
2023-10-17 12:00:00,76000.71
2023-10-17 12:15:00,76260.4
2023-10-17 12:30:00,78825.3
2023-10-17 12:45:00,80277.41
2023-10-17 13:00:00,80277.41
2023-10-17 13:15:00,82287.32
2023-10-17 13:30:00,85382.414
2023-10-17 13:45:00,87959.12
2023-10-17 14:00:00,88601.71
2023-10-17 14:15:00,88778.94
2023-10-17 14:30:00,89459.945
2023-10-17 14:45:00,94072.18
2023-10-17 15:00:00,93998.59
2023-10-17 15:15:00,89772.08
2023-10-17 15:30:00,88730.79
2023-10-17 15:45:00,88730.79
2023-10-17 16:00:00,88730.79
2023-10-17 16:15:00,88528.125
2023-10-17 16:30:00,88730.79
2023-10-17 16:45:00,88528.125
2023-10-17 17:00:00,88588.25
2023-10-17 17:15:00,88730.79
2023-10-17 17:30:00,90773.164
2023-10-17 17:45:00,90315.85
2023-10-17 18:00:00,90773.164
2023-10-17 18:15:00,90773.164
2023-10-17 18:30:00,90773.164
2023-10-17 18:45:00,90773.164
2023-10-17 19:00:00,90773.164
2023-10-17 19:15:00,90773.164
2023-10-17 19:30:00,90773.164
2023-10-17 19:45:00,90203.92
2023-10-17 20:00:00,89564.57
2023-10-17 20:15:00,88730.79
2023-10-17 20:30:00,88730.79
2023-10-17 20:45:00,88730.79
2023-10-17 21:00:00,88730.79
2023-10-17 21:15:00,88730.79
2023-10-17 21:30:00,88730.79
2023-10-17 21:45:00,88705.35
2023-10-17 22:00:00,90203.92
2023-10-17 22:15:00,90203.92
2023-10-17 22:30:00,90203.92
2023-10-17 22:45:00,88730.79
2023-10-17 23:00:00,86645.84
2023-10-17 23:15:00,84027.43
2023-10-17 23:30:00,82231.12
2023-10-17 23:45:00,78661.36
2023-10-18 00:00:00,73541.83
2023-10-18 00:15:00,63947.93
2023-10-18 00:30:00,61331.137
2023-10-18 00:45:00,53545.934
2023-10-18 01:00:00,47641.0
2023-10-18 01:15:00,39680.406
2023-10-18 02:45:00,18874.61
2023-10-18 03:00:00,18874.61
2023-10-18 03:15:00,18874.61
2023-10-18 03:30:00,18874.61
2023-10-18 03:45:00,18874.61
2023-10-18 04:00:00,18874.61
2023-10-18 04:15:00,18874.61
2023-10-18 04:30:00,18874.61
2023-10-18 04:45:00,18874.61
2023-10-18 05:00:00,18874.61
2023-10-18 05:15:00,18874.61
2023-10-18 05:30:00,18874.61
2023-10-18 05:45:00,18874.61
2023-10-18 06:00:00,20494.564
2023-10-18 06:15:00,20494.564
2023-10-18 06:30:00,20494.564
2023-10-18 06:45:00,20494.564
2023-10-18 07:00:00,24808.064
2023-10-18 07:15:00,24808.064
2023-10-18 07:30:00,24808.064
2023-10-18 07:45:00,24808.064
2023-10-18 08:00:00,48045.035
2023-10-18 08:15:00,48045.035
2023-10-18 08:30:00,48045.035
2023-10-18 08:45:00,48045.035
2023-10-18 09:00:00,71562.64
2023-10-18 09:15:00,71562.64
2023-10-18 09:30:00,70120.82
2023-10-18 09:45:00,70120.82
2023-10-18 10:00:00,70120.82
2023-10-18 10:15:00,70120.82
2023-10-18 10:30:00,70120.82
2023-10-18 10:45:00,70120.82
2023-10-18 11:00:00,70191.58
2023-10-18 11:15:00,69243.42
2023-10-18 11:30:00,67954.33
2023-10-18 11:45:00,67954.33
2023-10-18 12:00:00,66871.61
2023-10-18 12:15:00,66231.61
2023-10-18 12:30:00,65890.36
2023-10-18 12:45:00,65543.71
2023-10-18 13:00:00,68691.48
2023-10-18 13:15:00,67557.02
2023-10-18 13:30:00,65195.254
2023-10-18 13:45:00,60389.906
2023-10-18 14:00:00,60389.906
2023-10-18 14:15:00,53194.48
2023-10-18 14:30:00,53298.098
2023-10-18 14:45:00,46895.477
2023-10-18 15:00:00,45507.785
2023-10-18 15:15:00,49689.926
2023-10-18 15:30:00,49736.18
2023-10-18 15:45:00,49736.18
2023-10-18 16:00:00,49736.18
2023-10-18 16:15:00,49736.18
2023-10-18 16:30:00,46870.28
2023-10-18 16:45:00,46870.28
2023-10-18 17:00:00,45202.89
2023-10-18 17:15:00,45202.89
2023-10-18 17:30:00,46171.875
2023-10-18 17:45:00,46171.875
2023-10-18 18:00:00,46971.59
2023-10-18 18:15:00,47020.645
2023-10-18 18:30:00,47702.43
2023-10-18 18:45:00,47702.43
2023-10-18 19:00:00,48340.68
2023-10-18 19:15:00,48389.734
2023-10-18 19:30:00,48389.734
2023-10-18 19:45:00,48389.734
2023-10-18 20:00:00,48606.008
2023-10-18 20:15:00,48655.062
2023-10-18 20:30:00,48655.062
2023-10-18 20:45:00,48655.062
2023-10-18 21:00:00,50641.348
2023-10-18 21:15:00,50690.402
2023-10-18 21:30:00,50690.402
2023-10-18 21:45:00,50690.402
2023-10-18 22:00:00,50641.348
2023-10-18 22:15:00,50690.402
2023-10-18 22:30:00,50690.402
2023-10-18 22:45:00,50690.402
2023-10-18 23:00:00,50582.68
2023-10-18 23:15:00,48331.066
2023-10-18 23:30:00,46775.55
2023-10-19 00:00:00,40652.363
2023-10-19 00:15:00,38396.49
2023-10-19 00:30:00,37288.72
2023-10-19 00:45:00,34918.203
2023-10-19 01:00:00,24354.61
2023-10-19 01:15:00,22558.498
2023-10-19 01:30:00,20675.984
2023-10-19 01:45:00,19314.95
2023-10-19 02:00:00,18874.61
2023-10-19 02:15:00,18874.61
2023-10-19 02:30:00,18874.61
2023-10-19 02:45:00,18874.61
2023-10-19 03:00:00,18874.61
2023-10-19 03:15:00,18874.61
2023-10-19 03:30:00,18874.61
2023-10-19 03:45:00,18874.61
2023-10-19 04:00:00,18874.61
2023-10-19 04:15:00,18874.61
2023-10-19 04:30:00,18874.61
2023-10-19 04:45:00,18874.61
2023-10-19 05:00:00,18874.61
2023-10-19 05:15:00,18874.61
2023-10-19 05:30:00,18874.61
2023-10-19 05:45:00,18874.61
2023-10-19 06:00:00,20494.564
2023-10-19 06:15:00,20494.564
2023-10-19 06:30:00,20494.564
2023-10-19 06:45:00,20443.11
2023-10-19 07:00:00,23355.498
2023-10-19 07:15:00,28754.512
2023-10-19 07:30:00,34042.98
2023-10-19 07:45:00,39578.36
2023-10-19 08:00:00,43754.027
2023-10-19 08:15:00,41729.984
2023-10-19 08:30:00,43803.082
2023-10-19 08:45:00,44484.867
2023-10-19 09:00:00,46577.16
2023-10-19 09:15:00,48661.555
2023-10-19 09:30:00,48661.555
2023-10-19 09:45:00,48805.88
2023-10-19 10:00:00,48756.824
2023-10-19 10:15:00,48805.88
2023-10-19 10:30:00,48805.88
2023-10-19 10:45:00,48805.88
2023-10-19 11:00:00,48782.812
2023-10-19 11:15:00,50936.227
2023-10-19 11:30:00,50936.227
2023-10-19 11:45:00,50936.227
2023-10-19 12:00:00,50904.703
2023-10-19 12:15:00,50953.758
2023-10-19 12:30:00,51391.42
2023-10-19 12:45:00,52681.41
2023-10-19 13:00:00,52632.355
2023-10-19 13:15:00,56119.742
2023-10-19 13:30:00,56123.5
2023-10-19 13:45:00,58488.535
2023-10-19 14:00:00,58439.48
2023-10-19 14:15:00,58488.535
2023-10-19 14:30:00,61833.37
2023-10-19 14:45:00,63261.17
2023-10-19 15:00:00,63186.92
2023-10-19 15:15:00,60619.516
2023-10-19 15:30:00,58463.34
2023-10-19 15:45:00,58463.34
2023-10-19 16:00:00,58414.285
2023-10-19 16:15:00,58463.34
2023-10-19 16:30:00,58463.34
2023-10-19 16:45:00,58463.34
2023-10-19 17:00:00,58524.65
2023-10-19 17:15:00,61808.176
2023-10-19 17:30:00,61808.176
2023-10-19 17:45:00,63235.977
2023-10-19 18:00:00,63186.92
2023-10-19 18:15:00,63235.977
2023-10-19 18:30:00,63235.977
2023-10-19 18:45:00,63235.977
2023-10-19 19:00:00,62041.21
2023-10-19 19:15:00,62090.266
2023-10-19 19:30:00,62090.266
2023-10-19 19:45:00,62090.266
2023-10-19 20:00:00,60627.72
2023-10-19 20:15:00,60662.465
2023-10-19 20:30:00,59473.805
2023-10-19 20:45:00,57427.992
2023-10-19 21:00:00,57378.938
2023-10-19 21:15:00,57427.992
2023-10-19 21:30:00,57427.992
2023-10-19 21:45:00,59473.805
2023-10-19 22:00:00,59424.75
2023-10-19 22:15:00,60662.465
2023-10-19 22:30:00,60662.465
2023-10-19 22:45:00,59473.805
2023-10-19 23:00:00,57262.234
2023-10-19 23:15:00,57223.9
2023-10-19 23:30:00,54915.61
2023-10-19 23:45:00,54902.793
2023-10-20 00:00:00,45409.715
2023-10-20 00:15:00,42353.434
2023-10-20 00:30:00,44810.91
2023-10-20 00:45:00,40518.383
2023-10-20 01:00:00,31189.598
2023-10-20 01:15:00,29562.13
2023-10-20 01:30:00,25538.467
2023-10-20 01:45:00,23852.525
2023-10-20 02:00:00,21901.652
2023-10-20 02:15:00,20675.984
2023-10-20 02:30:00,19660.307
2023-10-20 02:45:00,18874.61
2023-10-20 03:00:00,18874.61
2023-10-20 03:15:00,18874.61
2023-10-20 03:30:00,18874.61
2023-10-20 03:45:00,18874.61
2023-10-20 04:00:00,18874.61
2023-10-20 04:15:00,18874.61
2023-10-20 04:30:00,18874.61
2023-10-20 04:45:00,18874.61
2023-10-20 05:00:00,18874.61
2023-10-20 05:15:00,18874.61
2023-10-20 05:30:00,18874.61
2023-10-20 05:45:00,18874.61
2023-10-20 06:00:00,20494.564
2023-10-20 06:15:00,20443.11
2023-10-20 06:30:00,20506.828
2023-10-20 06:45:00,23657.816
2023-10-20 07:00:00,30934.621
2023-10-20 07:15:00,36545.137
2023-10-20 07:30:00,41729.984
2023-10-20 07:45:00,48518.195
2023-10-20 08:00:00,51155.49
2023-10-20 08:15:00,49532.066
2023-10-20 08:30:00,50766.88
2023-10-20 08:45:00,52494.53
2023-10-20 09:00:00,56027.168
2023-10-20 09:15:00,56076.223
2023-10-20 09:30:00,56076.223
2023-10-20 09:45:00,56136.727
2023-10-20 10:00:00,56087.67
2023-10-20 10:15:00,56136.727
2023-10-20 10:30:00,56136.727
2023-10-20 10:45:00,56136.727
2023-10-20 11:00:00,56107.566
2023-10-20 11:15:00,58464.91
2023-10-20 11:30:00,58575.273
2023-10-20 11:45:00,58464.91
2023-10-20 12:00:00,58543.75
2023-10-20 12:15:00,60638.617
2023-10-20 12:30:00,63255.08
2023-10-20 12:45:00,63255.08
2023-10-20 13:00:00,63206.023
2023-10-20 13:15:00,63924.49
2023-10-20 13:30:00,65311.543
2023-10-20 13:45:00,66927.0
2023-10-20 14:00:00,66877.95
2023-10-20 14:15:00,68096.03
2023-10-20 14:30:00,68680.516
2023-10-20 14:45:00,72505.04
2023-10-20 15:00:00,72385.91
2023-10-20 15:15:00,68680.516
2023-10-20 15:30:00,68680.516
2023-10-20 15:45:00,68096.03
2023-10-20 16:00:00,68067.19
2023-10-20 16:15:00,68096.03
2023-10-20 16:30:00,68680.516
2023-10-20 16:45:00,68680.516
2023-10-20 17:00:00,68680.516
2023-10-20 17:15:00,68680.516
2023-10-20 17:30:00,68680.516
2023-10-20 17:45:00,68680.516
2023-10-20 18:00:00,68680.516
2023-10-20 18:15:00,68680.516
2023-10-20 18:30:00,68680.516
2023-10-20 18:45:00,70451.61
2023-10-20 19:00:00,69527.1
2023-10-20 19:15:00,69527.1
2023-10-20 19:30:00,69527.1
2023-10-20 19:45:00,71461.4
2023-10-20 20:00:00,69527.1
2023-10-20 20:15:00,71461.4
2023-10-20 20:30:00,69527.1
2023-10-20 20:45:00,69527.1
2023-10-20 21:00:00,69527.1
2023-10-20 21:15:00,71264.91
2023-10-20 21:30:00,69527.1
2023-10-20 21:45:00,69527.1
2023-10-20 22:00:00,65594.97
2023-10-20 22:15:00,65594.97
2023-10-20 22:30:00,65594.97
2023-10-20 22:45:00,67534.83
2023-10-20 23:00:00,67119.44
2023-10-20 23:15:00,66398.02
2023-10-20 23:30:00,67119.44
2023-10-20 23:45:00,66095.91
2023-10-21 00:00:00,59363.54
2023-10-21 00:15:00,56291.03
2023-10-21 00:30:00,50282.23
2023-10-21 00:45:00,47708.555
2023-10-21 01:00:00,44171.34
2023-10-21 01:15:00,41161.746
2023-10-21 01:30:00,37245.72
2023-10-21 01:45:00,34670.88
2023-10-21 02:00:00,31232.719
2023-10-21 02:15:00,29576.043
2023-10-21 02:30:00,27205.533
2023-10-21 02:45:00,25166.088
2023-10-21 03:00:00,22558.498
2023-10-21 03:15:00,21053.633
2023-10-21 03:30:00,20029.975
2023-10-21 03:45:00,19053.375
2023-10-21 04:00:00,18874.61
2023-10-21 04:15:00,18874.61
2023-10-21 04:30:00,18874.61
2023-10-21 04:45:00,18874.61
2023-10-21 05:00:00,18874.61
2023-10-21 05:15:00,18874.61
2023-10-21 05:30:00,18874.61
2023-10-21 05:45:00,18874.61
2023-10-21 06:00:00,20376.658
2023-10-21 06:15:00,20376.658
2023-10-21 06:30:00,20325.203
2023-10-21 06:45:00,20325.203
2023-10-21 07:00:00,23248.322
2023-10-21 07:15:00,23308.734
2023-10-21 07:30:00,24520.133
2023-10-21 07:45:00,26721.072
2023-10-21 08:00:00,38388.355
2023-10-21 08:15:00,33925.08
2023-10-21 08:30:00,38097.953
2023-10-21 08:45:00,41612.082
2023-10-21 09:00:00,44638.414
2023-10-21 09:15:00,48543.652
2023-10-21 09:30:00,50792.336
2023-10-21 09:45:00,51230.0
2023-10-21 10:00:00,55909.266
2023-10-21 10:15:00,55958.32
2023-10-21 10:30:00,56039.914
2023-10-21 10:45:00,58348.203
2023-10-21 11:00:00,58429.406
2023-10-21 11:15:00,61712.934
2023-10-21 11:30:00,61727.242
2023-10-21 11:45:00,63140.734
2023-10-21 12:00:00,63109.21
2023-10-21 12:15:00,63827.676
2023-10-21 12:30:00,65214.73
2023-10-21 12:45:00,66098.0
2023-10-21 13:00:00,66781.15
2023-10-21 13:15:00,67426.555
2023-10-21 13:30:00,67690.41
2023-10-21 13:45:00,67690.41
2023-10-21 14:00:00,67641.36
2023-10-21 14:15:00,67999.23
2023-10-21 14:30:00,67999.23
2023-10-21 14:45:00,67999.23
2023-10-21 15:00:00,67734.79
2023-10-21 15:15:00,68704.12
2023-10-21 15:30:00,70475.21
2023-10-21 15:45:00,70475.21
2023-10-21 16:00:00,70475.21
2023-10-21 16:15:00,70475.21
2023-10-21 16:30:00,70475.21
2023-10-21 16:45:00,70475.21
2023-10-21 17:00:00,72409.51
2023-10-21 17:15:00,70475.21
2023-10-21 17:30:00,70475.21
2023-10-21 17:45:00,72213.016
2023-10-21 18:00:00,72409.51
2023-10-21 18:15:00,72743.414
2023-10-21 18:30:00,73528.945
2023-10-21 18:45:00,77726.22
2023-10-21 19:00:00,80194.3
2023-10-21 19:15:00,80949.69
2023-10-21 19:30:00,78888.34
2023-10-21 19:45:00,80949.69
2023-10-21 20:00:00,84390.56
2023-10-21 20:15:00,85647.47
2023-10-21 20:30:00,87235.74
2023-10-21 20:45:00,78742.19
2023-10-21 21:00:00,77242.74
2023-10-21 21:15:00,78742.19
2023-10-21 21:30:00,77242.74
2023-10-21 21:45:00,77242.74
2023-10-21 22:00:00,77242.74
2023-10-21 22:15:00,77242.74
2023-10-21 22:30:00,75956.67
2023-10-21 22:45:00,75303.17
2023-10-21 23:00:00,74028.914
2023-10-21 23:15:00,71388.664
2023-10-21 23:30:00,71031.1
2023-10-21 23:45:00,69096.805
2023-10-22 00:00:00,62112.883
2023-10-22 00:15:00,62057.297
2023-10-22 00:30:00,60440.848
2023-10-22 00:45:00,56291.03
2023-10-22 01:00:00,50004.1
2023-10-22 01:15:00,47708.555
2023-10-22 01:30:00,42885.582
2023-10-22 01:45:00,40084.844
2023-10-22 02:00:00,35564.984
2023-10-22 02:15:00,33907.18
2023-10-22 02:30:00,31207.346
2023-10-22 02:45:00,28243.613
2023-10-22 03:00:00,25343.201
2023-10-22 03:15:00,24047.557
2023-10-22 03:30:00,22558.498
2023-10-22 03:45:00,21053.633
2023-10-22 04:00:00,20143.105
2023-10-22 04:15:00,19660.307
2023-10-22 04:30:00,18874.61
2023-10-22 04:45:00,18874.61
2023-10-22 05:00:00,18874.61
2023-10-22 05:15:00,18874.61
2023-10-22 05:30:00,18874.61
2023-10-22 05:45:00,18874.61
2023-10-22 06:00:00,20376.658
2023-10-22 06:15:00,20376.658
2023-10-22 06:30:00,20376.658
2023-10-22 06:45:00,20376.658
2023-10-22 07:00:00,24690.158
2023-10-22 07:15:00,23248.322
2023-10-22 07:30:00,23248.322
2023-10-22 07:45:00,23878.47
2023-10-22 08:00:00,42257.15
2023-10-22 08:15:00,38388.355
2023-10-22 08:30:00,33925.08
2023-10-22 08:45:00,38097.953
2023-10-22 09:00:00,42187.93
2023-10-22 09:15:00,44687.47
2023-10-22 09:30:00,48687.977
2023-10-22 09:45:00,50792.336
2023-10-22 10:00:00,52470.934
2023-10-22 10:15:00,55958.32
2023-10-22 10:30:00,56039.914
2023-10-22 10:45:00,58458.566
2023-10-22 11:00:00,60475.22
2023-10-22 11:15:00,61727.242
2023-10-22 11:30:00,63140.734
2023-10-22 11:45:00,63810.145
2023-10-22 12:00:00,63778.62
2023-10-22 12:15:00,65746.28
2023-10-22 12:30:00,66830.195
2023-10-22 12:45:00,67763.63
2023-10-22 13:00:00,68704.12
2023-10-22 13:15:00,68704.12
2023-10-22 13:30:00,68704.12
2023-10-22 13:45:00,68704.12
2023-10-22 14:00:00,68704.12
2023-10-22 14:15:00,68704.12
2023-10-22 14:30:00,68704.12
2023-10-22 14:45:00,68704.12
2023-10-22 15:00:00,68704.12
2023-10-22 15:15:00,70475.21
2023-10-22 15:30:00,72743.414
2023-10-22 15:45:00,73528.945
2023-10-22 16:00:00,73528.945
2023-10-22 16:15:00,73528.945
2023-10-22 16:30:00,74846.69
2023-10-22 16:45:00,74846.69
2023-10-22 17:00:00,75773.15
2023-10-22 17:15:00,74846.69
2023-10-22 17:30:00,74846.69
2023-10-22 17:45:00,75773.15
2023-10-22 18:00:00,75773.15
2023-10-22 18:15:00,74846.69
2023-10-22 18:30:00,75773.15
2023-10-22 18:45:00,76180.46
2023-10-22 19:00:00,75956.67
2023-10-22 19:15:00,77062.766
2023-10-22 19:30:00,77062.766
2023-10-22 19:45:00,77242.74
2023-10-22 20:00:00,77242.74
2023-10-22 20:15:00,77242.74
2023-10-22 20:30:00,77242.74
2023-10-22 20:45:00,75956.67
2023-10-22 21:00:00,77242.74
2023-10-22 21:15:00,80949.69
2023-10-22 21:30:00,82342.414
2023-10-22 21:45:00,83780.97
2023-10-22 22:00:00,82342.414
2023-10-22 22:15:00,82342.414
2023-10-22 22:30:00,82486.55
2023-10-22 22:45:00,82342.414
2023-10-22 23:00:00,76878.42
2023-10-22 23:15:00,72161.375
2023-10-22 23:30:00,69096.805
2023-10-22 23:45:00,67192.46
2023-10-23 00:00:00,59320.414
2023-10-23 00:15:00,56247.906
2023-10-23 00:30:00,47826.94
2023-10-23 00:45:00,44177.27
2023-10-23 01:00:00,39992.664
2023-10-23 01:15:00,35570.914
2023-10-23 01:30:00,33864.055
2023-10-23 01:45:00,34627.754
2023-10-23 02:00:00,33160.266
2023-10-23 02:15:00,29777.96
2023-10-23 02:30:00,27191.621
2023-10-23 02:45:00,25166.088
2023-10-23 03:00:00,22590.717
2023-10-23 03:15:00,21449.215
2023-10-23 03:30:00,20326.332
2023-10-23 03:45:00,19314.95
2023-10-23 04:00:00,18874.61
2023-10-23 04:15:00,18874.61
2023-10-23 04:30:00,18874.61
2023-10-23 04:45:00,18874.61
2023-10-23 05:00:00,18874.61
2023-10-23 05:15:00,18874.61
2023-10-23 05:30:00,18874.61
2023-10-23 05:45:00,19314.95
2023-10-23 06:00:00,21437.39
2023-10-23 06:15:00,22875.693
2023-10-23 06:30:00,26570.385
2023-10-23 06:45:00,31987.809
2023-10-23 07:00:00,38241.664
2023-10-23 07:15:00,46019.938
2023-10-23 07:30:00,52474.086
2023-10-23 07:45:00,60262.12
2023-10-23 08:00:00,64119.418
2023-10-23 08:15:00,62721.83
2023-10-23 08:30:00,63792.727
2023-10-23 08:45:00,64566.31
2023-10-23 09:00:00,68542.5
2023-10-23 09:15:00,72022.55
2023-10-23 09:30:00,72552.945
2023-10-23 09:45:00,73285.195
2023-10-23 10:00:00,74602.94
2023-10-23 10:15:00,75529.4
2023-10-23 10:30:00,75936.71
2023-10-23 10:45:00,74602.94
2023-10-23 11:00:00,74250.88
2023-10-23 11:15:00,77521.28
2023-10-23 11:30:00,78800.11
2023-10-23 11:45:00,77521.28
2023-10-23 12:00:00,77538.83
2023-10-23 12:15:00,77538.83
2023-10-23 12:30:00,78817.66
2023-10-23 12:45:00,80269.766
2023-10-23 13:00:00,80269.766
2023-10-23 13:15:00,82423.81
2023-10-23 13:30:00,85374.77
2023-10-23 13:45:00,87102.086
2023-10-23 14:00:00,87102.086
2023-10-23 14:15:00,88351.35
2023-10-23 14:30:00,89493.35
2023-10-23 14:45:00,94072.18
2023-10-23 15:00:00,93998.59
2023-10-23 15:15:00,88723.15
2023-10-23 15:30:00,87056.08
2023-10-23 15:45:00,87056.08
2023-10-23 16:00:00,86954.92
2023-10-23 16:15:00,86954.92
2023-10-23 16:30:00,87056.08
2023-10-23 16:45:00,86830.625
2023-10-23 17:00:00,86966.62
2023-10-23 17:15:00,88520.484
2023-10-23 17:30:00,88603.32
2023-10-23 17:45:00,88580.61
2023-10-23 18:00:00,88723.15
2023-10-23 18:15:00,88723.15
2023-10-23 18:30:00,88723.15
2023-10-23 18:45:00,88723.15
2023-10-23 19:00:00,88723.15
2023-10-23 19:15:00,88580.61
2023-10-23 19:30:00,88520.484
2023-10-23 19:45:00,87056.08
2023-10-23 20:00:00,87056.08
2023-10-23 20:15:00,87056.08
2023-10-23 20:30:00,87056.08
2023-10-23 20:45:00,86954.92
2023-10-23 21:00:00,86966.62
2023-10-23 21:15:00,87056.08
2023-10-23 21:30:00,87056.08
2023-10-23 21:45:00,87056.08
2023-10-23 22:00:00,87056.08
2023-10-23 22:15:00,87056.08
2023-10-23 22:30:00,86772.586
2023-10-23 22:45:00,87056.08
2023-10-23 23:00:00,84019.79
2023-10-23 23:15:00,80214.61
2023-10-23 23:30:00,77922.36
2023-10-23 23:45:00,74390.32
2023-10-24 00:00:00,66314.125
2023-10-24 00:15:00,60397.723
2023-10-24 00:30:00,56247.906
2023-10-24 00:45:00,47826.94
2023-10-24 01:00:00,45409.715
2023-10-24 01:15:00,40123.367
2023-10-24 01:30:00,36246.562
2023-10-24 01:45:00,33160.266
2023-10-24 02:00:00,29777.96
2023-10-24 02:15:00,27191.621
2023-10-24 02:30:00,25329.29
2023-10-24 02:45:00,24047.557
2023-10-24 03:00:00,21901.652
2023-10-24 03:15:00,20675.984
2023-10-24 03:30:00,19660.307
2023-10-24 03:45:00,19053.375
2023-10-24 04:00:00,18874.61
2023-10-24 04:15:00,18874.61
2023-10-24 04:30:00,18874.61
2023-10-24 04:45:00,18874.61
2023-10-24 05:00:00,18874.61
2023-10-24 05:15:00,18874.61
2023-10-24 05:30:00,18874.61
2023-10-24 05:45:00,19314.95
2023-10-24 06:00:00,21255.889
2023-10-24 06:15:00,22424.553
2023-10-24 06:30:00,26578.025
2023-10-24 06:45:00,31995.45
2023-10-24 07:00:00,38262.11
2023-10-24 07:15:00,46040.383
2023-10-24 07:30:00,52494.53
2023-10-24 07:45:00,58346.812
2023-10-24 08:00:00,63962.723
2023-10-24 08:15:00,62742.273
2023-10-24 08:30:00,63261.887
2023-10-24 08:45:00,64011.777
2023-10-24 09:00:00,66840.51
2023-10-24 09:15:00,68562.95
2023-10-24 09:30:00,68562.95
2023-10-24 09:45:00,70305.195
2023-10-24 10:00:00,70305.195
2023-10-24 10:15:00,72239.49
2023-10-24 10:30:00,72043.0
2023-10-24 10:45:00,70305.195
2023-10-24 11:00:00,70331.195
2023-10-24 11:15:00,73331.65
2023-10-24 11:30:00,74649.39
2023-10-24 11:45:00,72599.4
2023-10-24 12:00:00,72616.945
2023-10-24 12:15:00,73349.195
2023-10-24 12:30:00,74666.94
2023-10-24 12:45:00,76000.71
2023-10-24 13:00:00,76260.4
2023-10-24 13:15:00,78825.3
2023-10-24 13:30:00,80937.234
2023-10-24 13:45:00,84236.734
2023-10-24 14:00:00,83627.14
2023-10-24 14:15:00,86248.95
2023-10-24 14:30:00,88804.375
2023-10-24 14:45:00,90440.266
2023-10-24 15:00:00,89386.36
2023-10-24 15:15:00,87063.72
2023-10-24 15:30:00,85407.24
2023-10-24 15:45:00,84919.15
2023-10-24 16:00:00,84278.83
2023-10-24 16:15:00,83291.1
2023-10-24 16:30:00,84211.53
2023-10-24 16:45:00,83601.94
2023-10-24 17:00:00,84398.27
2023-10-24 17:15:00,85407.24
2023-10-24 17:30:00,86038.01
2023-10-24 17:45:00,86838.266
2023-10-24 18:00:00,86974.26
2023-10-24 18:15:00,87063.72
2023-10-24 18:30:00,87063.72
2023-10-24 18:45:00,87063.72
2023-10-24 19:00:00,86974.26
2023-10-24 19:15:00,87063.72
2023-10-24 19:30:00,86974.26
2023-10-24 19:45:00,85422.52
2023-10-24 20:00:00,86038.01
2023-10-24 20:15:00,86962.56
2023-10-24 20:30:00,86038.01
2023-10-24 20:45:00,86038.01
2023-10-24 21:00:00,86038.01
2023-10-24 21:15:00,88730.79
2023-10-24 21:30:00,90773.164
2023-10-24 21:45:00,90773.164
2023-10-24 22:00:00,88610.96
2023-10-24 22:15:00,88730.79
2023-10-24 22:30:00,90203.92
2023-10-24 22:45:00,89564.57
2023-10-24 23:00:00,85181.44
2023-10-24 23:15:00,77930.0
2023-10-24 23:30:00,75595.41
2023-10-24 23:45:00,72617.42
2023-10-25 00:00:00,62023.9
2023-10-25 00:15:00,58941.473
2023-10-25 00:30:00,53545.934
2023-10-25 00:45:00,47665.43
2023-10-25 01:00:00,42304.38
2023-10-25 01:15:00,39680.406
2023-10-25 01:30:00,39680.406
2023-10-25 01:45:00,34627.754
2023-10-25 02:00:00,32505.846
2023-10-25 02:15:00,29562.13
2023-10-25 02:30:00,27191.621
2023-10-25 02:45:00,25166.088
2023-10-25 03:00:00,23852.525
2023-10-25 03:15:00,22558.498
2023-10-25 03:30:00,20956.424
2023-10-25 03:45:00,20029.975
2023-10-25 04:00:00,19660.307
2023-10-25 04:15:00,19053.375
2023-10-25 04:30:00,18874.61
2023-10-25 04:45:00,18874.61
2023-10-25 05:00:00,18874.61
2023-10-25 05:15:00,19053.375
2023-10-25 05:30:00,19053.375
2023-10-25 05:45:00,20035.627
2023-10-25 06:00:00,22424.553
2023-10-25 06:15:00,23975.97
2023-10-25 06:30:00,27804.89
2023-10-25 06:45:00,33132.535
2023-10-25 07:00:00,40417.113
2023-10-25 07:15:00,48518.195
2023-10-25 07:30:00,53755.47
2023-10-25 07:45:00,61485.535
2023-10-25 08:00:00,65397.883
2023-10-25 08:15:00,63826.285
2023-10-25 08:30:00,64586.754
2023-10-25 08:45:00,65755.766
2023-10-25 09:00:00,68562.95
2023-10-25 09:15:00,72239.49
2023-10-25 09:30:00,73305.65
2023-10-25 09:45:00,74059.34
2023-10-25 10:00:00,74623.39
2023-10-25 10:15:00,75549.85
2023-10-25 10:30:00,74623.39
2023-10-25 10:45:00,73305.65
2023-10-25 11:00:00,73331.65
2023-10-25 11:15:00,75983.164
2023-10-25 11:30:00,77528.92
2023-10-25 11:45:00,77348.945
2023-10-25 12:00:00,76000.71
2023-10-25 12:15:00,77546.47
2023-10-25 12:30:00,78825.3
2023-10-25 12:45:00,78825.3
2023-10-25 13:00:00,78825.3
2023-10-25 13:15:00,82175.49
2023-10-25 13:30:00,84965.16
2023-10-25 13:45:00,87109.73
2023-10-25 14:00:00,87109.73
2023-10-25 14:15:00,88601.71
2023-10-25 14:30:00,89493.35
2023-10-25 14:45:00,94072.18
2023-10-25 15:00:00,93998.59
2023-10-25 15:15:00,89762.4
2023-10-25 15:30:00,88730.79
2023-10-25 15:45:00,88730.79
2023-10-25 16:00:00,88730.79
2023-10-25 16:15:00,88588.25
2023-10-25 16:30:00,88730.79
2023-10-25 16:45:00,88285.41
2023-10-25 17:00:00,88610.96
2023-10-25 17:15:00,88730.79
2023-10-25 17:30:00,89564.57
2023-10-25 17:45:00,90773.164
2023-10-25 18:00:00,90773.164
2023-10-25 18:15:00,90773.164
2023-10-25 18:30:00,90739.76
2023-10-25 18:45:00,90739.76
2023-10-25 19:00:00,96680.42
2023-10-25 19:15:00,96680.42
2023-10-25 19:30:00,96680.42
2023-10-25 19:45:00,96680.42
2023-10-25 20:00:00,96680.42
2023-10-25 20:15:00,96680.42
2023-10-25 20:30:00,96680.42
2023-10-25 20:45:00,96680.42
2023-10-25 21:00:00,90773.164
2023-10-25 21:15:00,90773.164
2023-10-25 21:30:00,90773.164
2023-10-25 21:45:00,90739.76
2023-10-25 22:00:00,90773.164
2023-10-25 22:15:00,90773.164
2023-10-25 22:30:00,90739.76
2023-10-25 22:45:00,90773.164
2023-10-25 23:00:00,88399.2
2023-10-25 23:15:00,84482.77
2023-10-25 23:30:00,81107.1
2023-10-25 23:45:00,76477.89
2023-10-26 00:00:00,69644.44
2023-10-26 00:15:00,61898.133
2023-10-26 00:30:00,59369.47
2023-10-26 00:45:00,52174.86
2023-10-26 01:00:00,47616.375
2023-10-26 01:15:00,42842.457
2023-10-26 01:30:00,39680.406
2023-10-26 01:45:00,34627.754
2023-10-26 02:00:00,32505.846
2023-10-26 02:15:00,29777.96
2023-10-26 02:30:00,27191.621
2023-10-26 02:45:00,25166.088
2023-10-26 03:00:00,23650.133
2023-10-26 03:15:00,21901.652
2023-10-26 03:30:00,20675.984
2023-10-26 03:45:00,20029.975
2023-10-26 04:00:00,19053.375
2023-10-26 04:15:00,18874.61
2023-10-26 04:30:00,18874.61
2023-10-26 04:45:00,18874.61
2023-10-26 05:00:00,18874.61
2023-10-26 05:15:00,18874.61
2023-10-26 05:30:00,19314.95
2023-10-26 05:45:00,20331.984
2023-10-26 06:00:00,23657.816
2023-10-26 06:15:00,24371.863
2023-10-26 06:30:00,29389.174
2023-10-26 06:45:00,33132.535
2023-10-26 07:00:00,40417.113
2023-10-26 07:15:00,46382.508
2023-10-26 07:30:00,52494.53
2023-10-26 07:45:00,58346.812
2023-10-26 08:00:00,63777.23
2023-10-26 08:15:00,62742.273
2023-10-26 08:30:00,63826.285
2023-10-26 08:45:00,65520.156
2023-10-26 09:00:00,68562.95
2023-10-26 09:15:00,72239.49
2023-10-26 09:30:00,73305.65
2023-10-26 09:45:00,74623.39
2023-10-26 10:00:00,76216.85
2023-10-26 10:15:00,75957.164
2023-10-26 10:30:00,76216.85
2023-10-26 10:45:00,75549.85
2023-10-26 11:00:00,74649.39
2023-10-26 11:15:00,77528.92
2023-10-26 11:30:00,78953.91
2023-10-26 11:45:00,77528.92
2023-10-26 12:00:00,77546.47
2023-10-26 12:15:00,80277.41
2023-10-26 12:30:00,80937.234
2023-10-26 12:45:00,80937.234
2023-10-26 13:00:00,82175.49
2023-10-26 13:15:00,84940.55
2023-10-26 13:30:00,86884.27
2023-10-26 13:45:00,88358.99
2023-10-26 14:00:00,88358.99
2023-10-26 14:15:00,88804.375
2023-10-26 14:30:00,89493.35
2023-10-26 14:45:00,94072.18
2023-10-26 15:00:00,91737.44
2023-10-26 15:15:00,88588.25
2023-10-26 15:30:00,87063.72
2023-10-26 15:45:00,87063.72
2023-10-26 16:00:00,87063.72
2023-10-26 16:15:00,87063.72
2023-10-26 16:30:00,88285.41
2023-10-26 16:45:00,87063.72
2023-10-26 17:00:00,88285.41
2023-10-26 17:15:00,88610.96
2023-10-26 17:30:00,88705.35
2023-10-26 17:45:00,89564.57
2023-10-26 18:00:00,90315.85
2023-10-26 18:15:00,90773.164
2023-10-26 18:30:00,90773.164
2023-10-26 18:45:00,90773.164
2023-10-26 19:00:00,90773.164
2023-10-26 19:15:00,90773.164
2023-10-26 19:30:00,90315.85
2023-10-26 19:45:00,89564.57
2023-10-26 20:00:00,88730.79
2023-10-26 20:15:00,88730.79
2023-10-26 20:30:00,88588.25
2023-10-26 20:45:00,88610.96
2023-10-26 21:00:00,88528.125
2023-10-26 21:15:00,88285.41
2023-10-26 21:30:00,88285.41
2023-10-26 21:45:00,88588.25
2023-10-26 22:00:00,88588.25
2023-10-26 22:15:00,88610.96
2023-10-26 22:30:00,88528.125
2023-10-26 22:45:00,88528.125
2023-10-26 23:00:00,85181.44
2023-10-26 23:15:00,82163.82
2023-10-26 23:30:00,78685.39
2023-10-26 23:45:00,76477.89
2023-10-27 00:00:00,69673.29
2023-10-27 00:15:00,61968.312
2023-10-27 00:30:00,59369.47
2023-10-27 00:45:00,52174.86
2023-10-27 01:00:00,47616.375
2023-10-27 01:15:00,42842.457
2023-10-27 01:30:00,39680.406
2023-10-27 01:45:00,34627.754
2023-10-27 02:00:00,32505.846
2023-10-27 02:15:00,29777.96
2023-10-27 02:30:00,27191.621
2023-10-27 02:45:00,25166.088
2023-10-27 03:00:00,23650.133
2023-10-27 03:15:00,21901.652
2023-10-27 03:30:00,20956.424
2023-10-27 03:45:00,20029.975
2023-10-27 04:00:00,19314.95
2023-10-27 04:15:00,18874.61
2023-10-27 04:30:00,18874.61
2023-10-27 04:45:00,18874.61
2023-10-27 05:00:00,18874.61
2023-10-27 05:15:00,19053.375
2023-10-27 05:30:00,19660.307
2023-10-27 05:45:00,20148.758
2023-10-27 06:00:00,23066.215
2023-10-27 06:15:00,24371.863
2023-10-27 06:30:00,29389.174
2023-10-27 06:45:00,34497.6
2023-10-27 07:00:00,40417.113
2023-10-27 07:15:00,48518.195
2023-10-27 07:30:00,55932.863
2023-10-27 07:45:00,61485.535
2023-10-27 08:00:00,65134.062
2023-10-27 08:15:00,63813.17
2023-10-27 08:30:00,63826.285
2023-10-27 08:45:00,65446.938
2023-10-27 09:00:00,68643.07
2023-10-27 09:15:00,70414.164
2023-10-27 09:30:00,72682.37
2023-10-27 09:45:00,73467.9
2023-10-27 10:00:00,73467.9
2023-10-27 10:15:00,74407.586
2023-10-27 10:30:00,74407.586
2023-10-27 10:45:00,73467.9
2023-10-27 11:00:00,74241.49
2023-10-27 11:15:00,76399.0
2023-10-27 11:30:00,77685.07
2023-10-27 11:45:00,76139.31
2023-10-27 12:00:00,74823.086
2023-10-27 12:15:00,76416.55
2023-10-27 12:30:00,77702.62
2023-10-27 12:45:00,78981.445
2023-10-27 13:00:00,78981.445
2023-10-27 13:15:00,81093.38
2023-10-27 13:30:00,83794.5
2023-10-27 13:45:00,85107.91
2023-10-27 14:00:00,85132.516
2023-10-27 14:15:00,86682.18
2023-10-27 14:30:00,89336.83
2023-10-27 14:45:00,90216.984
2023-10-27 15:00:00,90140.984
2023-10-27 15:15:00,88915.625
2023-10-27 15:30:00,87417.445
2023-10-27 15:45:00,87417.445
2023-10-27 16:00:00,87171.78
2023-10-27 16:15:00,87171.78
2023-10-27 16:30:00,87417.445
2023-10-27 16:45:00,87171.78
2023-10-27 17:00:00,87417.445
2023-10-27 17:15:00,87417.445
2023-10-27 17:30:00,88672.91
2023-10-27 17:45:00,88915.625
2023-10-27 18:00:00,88915.625
2023-10-27 18:15:00,89288.445
2023-10-27 18:30:00,89430.984
2023-10-27 18:45:00,89430.984
2023-10-27 19:00:00,88915.625
2023-10-27 19:15:00,89430.984
2023-10-27 19:30:00,89430.984
2023-10-27 19:45:00,89430.984
2023-10-27 20:00:00,89430.984
2023-10-27 20:15:00,89430.984
2023-10-27 20:30:00,89430.984
2023-10-27 20:45:00,89430.984
2023-10-27 21:00:00,89311.16
2023-10-27 21:15:00,89430.984
2023-10-27 21:30:00,89405.55
2023-10-27 21:45:00,89430.984
2023-10-27 22:00:00,89311.16
2023-10-27 22:15:00,89311.16
2023-10-27 22:30:00,88915.625
2023-10-27 22:45:00,87417.445
2023-10-27 23:00:00,85535.164
2023-10-27 23:15:00,83494.35
2023-10-27 23:30:00,81746.79
2023-10-27 23:45:00,79484.516
2023-10-28 00:00:00,73921.92
2023-10-28 00:15:00,69081.41
2023-10-28 00:30:00,64065.76
2023-10-28 00:45:00,60440.848
2023-10-28 01:00:00,56241.977
2023-10-28 01:15:00,50282.23
2023-10-28 01:30:00,47708.555
2023-10-28 01:45:00,42396.56
2023-10-28 02:00:00,39674.477
2023-10-28 02:15:00,35614.04
2023-10-28 02:30:00,33907.18
2023-10-28 02:45:00,29821.082
2023-10-28 03:00:00,28243.613
2023-10-28 03:15:00,25552.379
2023-10-28 03:30:00,25166.088
2023-10-28 03:45:00,23650.133
2023-10-28 04:00:00,21917.043
2023-10-28 04:15:00,21053.633
2023-10-28 04:30:00,20029.975
2023-10-28 04:45:00,19660.307
2023-10-28 05:00:00,19660.307
2023-10-28 05:15:00,19314.95
2023-10-28 05:30:00,19053.375
2023-10-28 05:45:00,19314.95
2023-10-28 06:00:00,20388.922
2023-10-28 06:15:00,20742.691
2023-10-28 06:30:00,21137.982
2023-10-28 06:45:00,22306.646
2023-10-28 07:00:00,25111.736
2023-10-28 07:15:00,28005.557
2023-10-28 07:30:00,30816.715
2023-10-28 07:45:00,33925.08
2023-10-28 08:00:00,36644.83
2023-10-28 08:15:00,40299.21
2023-10-28 08:30:00,45922.48
2023-10-28 08:45:00,50648.977
2023-10-28 09:00:00,55909.266
2023-10-28 09:15:00,56039.914
2023-10-28 09:30:00,61693.04
2023-10-28 09:45:00,63120.84
2023-10-28 10:00:00,65659.79
2023-10-28 10:15:00,67389.11
2023-10-28 10:30:00,68666.67
2023-10-28 10:45:00,68666.67
2023-10-28 11:00:00,68686.57
2023-10-28 11:15:00,70457.664
2023-10-28 11:30:00,73511.4
2023-10-28 11:45:00,73511.4
2023-10-28 12:00:00,74846.69
2023-10-28 12:15:00,75773.15
2023-10-28 12:30:00,77546.24
2023-10-28 12:45:00,79005.05
2023-10-28 13:00:00,79005.05
2023-10-28 13:15:00,80457.16
2023-10-28 13:30:00,81112.445
2023-10-28 13:45:00,80457.16
2023-10-28 14:00:00,80457.16
2023-10-28 14:15:00,81116.984
2023-10-28 14:30:00,81116.984
2023-10-28 14:45:00,81116.984
2023-10-28 15:00:00,82467.07
2023-10-28 15:15:00,83818.1
2023-10-28 15:30:00,85552.57
2023-10-28 15:45:00,87481.41
2023-10-28 16:00:00,89494.945
2023-10-28 16:15:00,92656.98
2023-10-28 16:30:00,97594.04
2023-10-28 16:45:00,97594.04
2023-10-28 17:00:00,97594.04
2023-10-28 17:15:00,97594.04
2023-10-28 17:30:00,97594.04
2023-10-28 17:45:00,97594.04
2023-10-28 18:00:00,97594.04
2023-10-28 18:15:00,97594.04
2023-10-28 18:30:00,91080.01
2023-10-28 18:45:00,89494.945
2023-10-28 19:00:00,89494.945
2023-10-28 19:15:00,89494.945
2023-10-28 19:30:00,89494.945
2023-10-28 19:45:00,91558.34
2023-10-28 20:00:00,91676.66
2023-10-28 20:15:00,91676.66
2023-10-28 20:30:00,91676.66
2023-10-28 20:45:00,90328.73
2023-10-28 21:00:00,89469.51
2023-10-28 21:15:00,91080.01
2023-10-28 21:30:00,91558.34
2023-10-28 21:45:00,90968.08
2023-10-28 22:00:00,90328.73
2023-10-28 22:15:00,89469.51
2023-10-28 22:30:00,89494.945
2023-10-28 22:45:00,89494.945
2023-10-28 23:00:00,87703.52
2023-10-28 23:15:00,87560.984
2023-10-28 23:30:00,86904.01
2023-10-28 23:45:00,85315.78
2023-10-29 00:00:00,82158.21
2023-10-29 00:15:00,76814.58
2023-10-29 00:30:00,72510.89
2023-10-29 00:45:00,64065.76
2023-10-29 01:00:00,61307.71
2023-10-29 01:15:00,57597.316
2023-10-29 01:30:00,53589.06
2023-10-29 01:45:00,47733.18
2023-10-29 02:15:00,42885.582
2023-10-29 02:30:00,36289.688
2023-10-29 02:45:00,33907.18
2023-10-29 03:00:00,27878.926
2023-10-29 03:15:00,22558.498
2023-10-29 03:30:00,21053.633
2023-10-29 03:45:00,20675.984
2023-10-29 04:00:00,20029.975
2023-10-29 04:15:00,19314.95
2023-10-29 04:30:00,18874.61
2023-10-29 04:45:00,18874.61
2023-10-29 05:00:00,18874.61
2023-10-29 05:15:00,18874.61
2023-10-29 05:30:00,18874.61
2023-10-29 05:45:00,18874.61
2023-10-29 06:00:00,20325.203
2023-10-29 06:15:00,21137.982
2023-10-29 06:30:00,22306.646
2023-10-29 06:45:00,23858.064
2023-10-29 07:00:00,26782.346
2023-10-29 07:15:00,31065.043
2023-10-29 07:30:00,36427.234
2023-10-29 07:45:00,40299.21
2023-10-29 08:00:00,44317.91
2023-10-29 08:15:00,49414.164
2023-10-29 08:30:00,53637.566
2023-10-29 08:45:00,55839.81
2023-10-29 09:00:00,58409.51
2023-10-29 09:15:00,63120.84
2023-10-29 09:30:00,65098.66
2023-10-29 09:45:00,66792.75
2023-10-29 10:00:00,66743.7
2023-10-29 10:15:00,68666.67
2023-10-29 10:30:00,68666.67
2023-10-29 10:45:00,70437.766
2023-10-29 11:00:00,72725.87
2023-10-29 11:15:00,74265.09
2023-10-29 11:30:00,74829.14
2023-10-29 11:45:00,76422.6
2023-10-29 12:00:00,77726.22
2023-10-29 12:15:00,79005.05
2023-10-29 12:30:00,80457.16
2023-10-29 12:45:00,81116.984
2023-10-29 13:00:00,81116.984
2023-10-29 13:15:00,81116.984
2023-10-29 13:30:00,81116.984
2023-10-29 13:45:00,81116.984
2023-10-29 14:00:00,81116.984
2023-10-29 14:15:00,82467.07
2023-10-29 14:30:00,81692.12
2023-10-29 14:45:00,82467.07
2023-10-29 15:00:00,82611.2
2023-10-29 15:15:00,84427.695
2023-10-29 15:30:00,85662.75
2023-10-29 15:45:00,86725.336
2023-10-29 16:00:00,87481.41
2023-10-29 16:15:00,87481.41
2023-10-29 16:30:00,88336.99
2023-10-29 16:45:00,89123.55
2023-10-29 17:00:00,89494.945
2023-10-29 17:15:00,89375.12
2023-10-29 17:30:00,89123.55
2023-10-29 17:45:00,89352.41
2023-10-29 18:00:00,89352.41
2023-10-29 18:15:00,89494.945
2023-10-29 18:30:00,89375.12
2023-10-29 18:45:00,89494.945
2023-10-29 19:00:00,91080.01
2023-10-29 19:15:00,91080.01
2023-10-29 19:30:00,91080.01
2023-10-29 19:45:00,91558.34
2023-10-29 20:00:00,91080.01
2023-10-29 20:15:00,90328.73
2023-10-29 20:30:00,89494.945
2023-10-29 20:45:00,89375.12
2023-10-29 21:00:00,89352.41
2023-10-29 21:15:00,89494.945
2023-10-29 21:30:00,89494.945
2023-10-29 21:45:00,89375.12
2023-10-29 22:00:00,89352.41
2023-10-29 22:15:00,88979.586
2023-10-29 22:30:00,87481.41
2023-10-29 22:45:00,85528.53
2023-10-29 23:00:00,81410.24
2023-10-29 23:15:00,76732.266
2023-10-29 23:30:00,72161.375
2023-10-29 23:45:00,65252.6
2023-10-30 00:00:00,60348.668
2023-10-30 00:15:00,56247.906
2023-10-30 00:30:00,50010.03
2023-10-30 00:45:00,44177.27
2023-10-30 01:00:00,39631.35
2023-10-30 01:15:00,35570.914
2023-10-30 01:30:00,32505.846
2023-10-30 01:45:00,31189.598
2023-10-30 02:00:00,32505.846
2023-10-30 02:15:00,29777.96
2023-10-30 02:30:00,27191.621
2023-10-30 02:45:00,25185.602
2023-10-30 03:00:00,23650.133
2023-10-30 03:15:00,21901.652
2023-10-30 03:30:00,20675.984
2023-10-30 03:45:00,20029.975
2023-10-30 04:00:00,19314.95
2023-10-30 04:15:00,18874.61
2023-10-30 04:30:00,18874.61
2023-10-30 04:45:00,18874.61
2023-10-30 05:00:00,18874.61
2023-10-30 05:15:00,19660.307
2023-10-30 05:30:00,20148.758
2023-10-30 05:45:00,21907.305
2023-10-30 06:00:00,27201.43
2023-10-30 06:15:00,29381.533
2023-10-30 06:30:00,34489.965
2023-10-30 06:45:00,41001.992
2023-10-30 07:00:00,48593.02
2023-10-30 07:15:00,55916.176
2023-10-30 07:30:00,63241.44
2023-10-30 07:45:00,70982.38
2023-10-30 08:00:00,78705.414
2023-10-30 08:15:00,75020.625
2023-10-30 08:30:00,76481.445
2023-10-30 08:45:00,78705.414
2023-10-30 09:00:00,83575.95
2023-10-30 09:15:00,85402.06
2023-10-30 09:30:00,86957.38
2023-10-30 09:45:00,86957.38
2023-10-30 10:00:00,87058.54
2023-10-30 10:15:00,88550.52
2023-10-30 10:30:00,88550.52
2023-10-30 10:45:00,87058.54
2023-10-30 11:00:00,87084.54
2023-10-30 11:15:00,88779.19
2023-10-30 11:30:00,89810.8
2023-10-30 11:45:00,88576.52
2023-10-30 12:00:00,87951.48
2023-10-30 12:15:00,88796.734
2023-10-30 12:30:00,89828.34
2023-10-30 12:45:00,89828.34
2023-10-30 13:00:00,89828.34
2023-10-30 13:15:00,89459.945
2023-10-30 13:30:00,94072.18
2023-10-30 13:45:00,95400.61
2023-10-30 14:00:00,95400.61
2023-10-30 14:15:00,95400.61
2023-10-30 14:30:00,95400.61
2023-10-30 14:45:00,95400.61
2023-10-30 15:00:00,95327.02
2023-10-30 15:15:00,95327.02
2023-10-30 15:30:00,95327.02
2023-10-30 15:45:00,95327.02
2023-10-30 16:00:00,74630.24
2023-10-30 16:15:00,90739.76
2023-10-30 16:30:00,95351.99
2023-10-30 16:45:00,95351.99
2023-10-30 17:00:00,95351.99
2023-10-30 17:15:00,96680.42
2023-10-30 17:30:00,96680.42
2023-10-30 17:45:00,96680.42
2023-10-30 18:00:00,96680.42
2023-10-30 18:15:00,96680.42
2023-10-30 18:30:00,96680.42
2023-10-30 18:45:00,96680.42
2023-10-30 19:00:00,96680.42
2023-10-30 19:15:00,96680.42
2023-10-30 19:30:00,96680.42
2023-10-30 19:45:00,96680.42
2023-10-30 20:00:00,96680.42
2023-10-30 20:15:00,96680.42
2023-10-30 20:30:00,96680.42
2023-10-30 20:45:00,96680.42
2023-10-30 21:00:00,96680.42
2023-10-30 21:15:00,96680.42
2023-10-30 21:30:00,96680.42
2023-10-30 21:45:00,96680.42
2023-10-30 22:00:00,96680.42
2023-10-30 22:15:00,96680.42
2023-10-30 22:30:00,96680.42
2023-10-30 22:45:00,96680.42
2023-10-30 23:00:00,93369.72
2023-10-30 23:15:00,86882.305
2023-10-30 23:30:00,84019.79
2023-10-30 23:45:00,78653.72
2023-10-31 00:00:00,69644.44
2023-10-31 00:15:00,61968.312
2023-10-31 00:30:00,58865.855
2023-10-31 00:45:00,50239.105
2023-10-31 01:00:00,47616.375
2023-10-31 01:15:00,41118.62
2023-10-31 01:30:00,36246.562
2023-10-31 01:45:00,33864.055
2023-10-31 02:00:00,29777.96
2023-10-31 02:15:00,27191.621
2023-10-31 02:30:00,25185.602
2023-10-31 02:45:00,24354.61
2023-10-31 03:00:00,21917.043
2023-10-31 03:15:00,21449.215
2023-10-31 03:30:00,20326.332
2023-10-31 03:45:00,19660.307
2023-10-31 04:00:00,19053.375
2023-10-31 04:15:00,18874.61
2023-10-31 04:30:00,18874.61
2023-10-31 04:45:00,18874.61
2023-10-31 05:00:00,18874.61
2023-10-31 05:15:00,19053.375
2023-10-31 05:30:00,20035.627
2023-10-31 05:45:00,21059.285
2023-10-31 06:00:00,25267.158
2023-10-31 06:15:00,27209.07
2023-10-31 06:30:00,31995.45
2023-10-31 06:45:00,37530.824
2023-10-31 07:00:00,46333.453
2023-10-31 07:15:00,52494.53
2023-10-31 07:30:00,60282.566
2023-10-31 07:45:00,65520.156
2023-10-31 08:00:00,71002.836
2023-10-31 08:15:00,68002.38
2023-10-31 08:30:00,71002.836
2023-10-31 08:45:00,73247.04
2023-10-31 09:00:00,77502.92
2023-10-31 09:15:00,78781.75
2023-10-31 09:30:00,80233.86
2023-10-31 09:45:00,80893.69
2023-10-31 10:00:00,82131.945
2023-10-31 10:15:00,82131.945
2023-10-31 10:30:00,82243.77
2023-10-31 10:45:00,82131.945
2023-10-31 11:00:00,82269.77
2023-10-31 11:15:00,84947.61
2023-10-31 11:30:00,86066.47
2023-10-31 11:45:00,84219.19
2023-10-31 12:00:00,84304.03
2023-10-31 12:15:00,85453.25
2023-10-31 12:30:00,87008.57
2023-10-31 12:45:00,86498.164
2023-10-31 13:00:00,86498.164
2023-10-31 13:15:00,88804.375
2023-10-31 13:30:00,89493.35
2023-10-31 13:45:00,90440.266
2023-10-31 14:00:00,90440.266
2023-10-31 14:15:00,94072.18
2023-10-31 14:30:00,95400.61
2023-10-31 14:45:00,95400.61
2023-10-31 15:00:00,95327.02
2023-10-31 15:15:00,93998.59
2023-10-31 15:30:00,90366.68
2023-10-31 15:45:00,90366.68
2023-10-31 16:00:00,91720.08
2023-10-31 16:15:00,91720.08
2023-10-31 16:30:00,93090.836
2023-10-31 16:45:00,90773.164
2023-10-31 17:00:00,91720.08
2023-10-31 17:15:00,93090.836
2023-10-31 17:30:00,93090.836
2023-10-31 17:45:00,95351.99
2023-10-31 18:00:00,95351.99
2023-10-31 18:15:00,95351.99
2023-10-31 18:30:00,95351.99
2023-10-31 18:45:00,95351.99
2023-10-31 19:00:00,95351.99
2023-10-31 19:15:00,95351.99
2023-10-31 19:30:00,93090.836
2023-10-31 19:45:00,93090.836
2023-10-31 20:00:00,91720.08
2023-10-31 20:15:00,90739.76
2023-10-31 20:30:00,91720.08
2023-10-31 20:45:00,93090.836
2023-10-31 21:00:00,91720.08
2023-10-31 21:15:00,91720.08
2023-10-31 21:30:00,90773.164
2023-10-31 21:45:00,90773.164
2023-10-31 22:00:00,90773.164
2023-10-31 22:15:00,90315.85
2023-10-31 22:30:00,90315.85
2023-10-31 22:45:00,88730.79
2023-10-31 23:00:00,86747.41
2023-10-31 23:15:00,85181.44
2023-10-31 23:30:00,84482.77
2023-10-31 23:45:00,82231.12
2023-11-01 00:00:00,79063.91
